departamento;municipio;divipola;entidad;tramo;pr;fallecidos;latitud;longitud;gizscore;gipvalue;nombre
CUNDINAMARCA;CHIPAQUE;25178;ANI;Bogotá - Villavicencio;10;11;4.452987;-74.046677;1.771262;0.076517;IP  –  Chirajara - Fundadores
CUNDINAMARCA;GUAYABETAL;25335;ANI;Bogotá - Villavicencio;58;23;4.228251;-73.818342;3.818008;0.000135;IP  –  Chirajara - Fundadores
CUNDINAMARCA;GUAYABETAL;25335;ANI;Bogotá - Villavicencio;60;1;4.203601;-73.807188;2.796662;0.005163;IP  –  Chirajara - Fundadores
META;VILLAVICENCIO;50001;ANI;Bogotá - Villavicencio;85;1;4.121453;-73.643971;1.725132;0.084504;IP  –  Chirajara - Fundadores
META;VILLAVICENCIO;50001;INVIAS-OTROS;Granada - Villavicencio;sd;13;4.115757;-73.647497;1.725132;0.084504;
META;RESTREPO;50606;ANI;Villavicencio - Yopal;8;4;4.201806;-73.592214;1.93442;0.053062;Villavicencio - Yopal
BOYACÁ;TIBASOSA;15806;ANI;Duitama-Sogamoso;2;1;5.808537;-73.012985;1.942162;0.052117;Briceño - Tunja - Sogamoso
BOYACÁ;DUITAMA;15238;ANI;Duitama-Sogamoso;0;15;5.806803;-73.027743;2.144165;0.03202;Briceño - Tunja - Sogamoso
BOYACÁ;DUITAMA;15238;ANI;Tunja - Duitama;47;1;5.803867;-73.040309;2.144165;0.03202;Briceño - Tunja - Sogamoso
BOYACÁ;DUITAMA;15238;ANI;Tunja - Duitama;45;9;5.798637;-73.042764;2.144165;0.03202;Briceño - Tunja - Sogamoso
CUNDINAMARCA;GACHANCIPÁ;25295;ANI;Bogotá - Tunja;32;11;5.00172;-73.865477;2.403517;0.016238;Briceño - Tunja - Sogamoso
CUNDINAMARCA;GACHANCIPÁ;25295;ANI;Bogotá - Tunja;28;1;4.975713;-73.89282;2.283962;0.022374;Briceño - Tunja - Sogamoso
CUNDINAMARCA;TOCANCIPÁ;25817;ANI;Bogotá - Tunja;26;13;4.969318;-73.902877;2.454862;0.014094;Briceño - Tunja - Sogamoso
CUNDINAMARCA;TOCANCIPÁ;25817;ANI;Bogotá - Tunja;sd;9;4.963642;-73.916891;3.138462;0.001698;Briceño - Tunja - Sogamoso
META;PUERTO LÓPEZ;50573;ANI;Villavicencio-Puente Arimena;3;2;4.095555;-72.948075;1.725132;0.084504;IP Malla Vial del Meta
META;PUERTO LÓPEZ;50573;ANI;Villavicencio-Puente Arimena;77;2;4.078851;-72.973513;1.725132;0.084504;IP Malla Vial del Meta
CUNDINAMARCA;NEMOCÓN;25486;INVIAS-OTROS;Bogotá - Barbosa;38;10;5.084119;-73.928809;2.10757;0.035068;
SANTANDER;CIMITARRA;68190;INVIAS-OTROS;Puerto Araújo-Cimitarra;27;13;6.345133;-73.960097;2.995412;0.002741;
CUNDINAMARCA;LA VEGA;25402;ANI;Bogotá - Villeta;93;12;4.986548;-74.326199;2.625762;0.008646;Bogotá – La Vega – Villeta (BVLPV)
CUNDINAMARCA;LA VEGA;25402;ANI;Bogotá - Villeta;91;10;4.995154;-74.338199;2.967562;0.003002;Bogotá – La Vega – Villeta (BVLPV)
CUNDINAMARCA;VILLETA;25875;ANI;Bogotá - Villeta;67;10;5.024027;-74.470159;4.676561;0.0000030;Bogotá – La Vega – Villeta (BVLPV)
CUNDINAMARCA;VILLETA;25875;DEPTO;;64;12;5.012001;-74.480712;3.399433;0.000675;
CUNDINAMARCA;VILLETA;25875;INVIAS-OTROS;Villeta-Honda;62;14;5.024411;-74.491387;3.818008;0.000135;
CUNDINAMARCA;GUADUAS;25320;INVIAS-OTROS;Villeta-Honda;36;7;5.060263;-74.575627;1.93442;0.053062;
CUNDINAMARCA;GUADUAS;25320;INVIAS-OTROS;Villeta-Honda;34;8;5.06123;-74.584733;2.454862;0.014094;
CUNDINAMARCA;GUADUAS;25320;INVIAS-OTROS;Villeta-Honda;34;8;5.064345;-74.593076;2.143707;0.032056;
CUNDINAMARCA;MOSQUERA;25473;ANI;Bogotá - Mosquera;72;13;4.696039;-74.173057;2.995412;0.002741;Bogotá (Fontibón) – Faca – Los Alpes
CUNDINAMARCA;FUNZA;25286;ANI;Bogotá - Mosquera;69;25;4.697829;-74.198878;6.546778;0;Bogotá (Fontibón) – Faca – Los Alpes
CUNDINAMARCA;MADRID;25430;ANI;Mosquera - Facatativa - Los Andes;52;5;4.774403;-74.317396;3.138462;0.001698;Bogotá (Fontibón) – Faca – Los Alpes
CUNDINAMARCA;FACATATIVÁ;25269;ANI;Mosquera - Facatativa - Los Andes;52;16;4.780969;-74.325839;2.454862;0.014094;Bogotá (Fontibón) – Faca – Los Alpes
CUNDINAMARCA;FACATATIVÁ;25269;ANI;Mosquera - Facatativa - Los Andes;51;2;4.788334;-74.334441;1.942162;0.052117;Bogotá (Fontibón) – Faca – Los Alpes
CUNDINAMARCA;FUNZA;25286;DEPTO;Mosquera - Funza;sd;8;4.74712;-74.168107;3.328315;0.000874;
CUNDINAMARCA;FUNZA;25286;DEPTO;Mosquera - Funza;sd;19;4.737457;-74.180797;6.043761;0;
CUNDINAMARCA;FUNZA;25286;DEPTO;Mosquera - Funza;sd;17;4.726685;-74.191834;7.752761;0;
CUNDINAMARCA;FUNZA;25286;DEPTO;Mosquera - Funza;sd;18;4.716745;-74.204249;6.120171;0;
CUNDINAMARCA;SIBATÉ;25740;ANI;Girardot - Bogotá;111;3;4.539306;-74.261896;1.93442;0.053062;IP  –  Ampliación a Tercer Carril Doble Calzada Bogotá - Girardot
CUNDINAMARCA;SOACHA;25754;ANI;Girardot - Bogotá;107;2;4.536913;-74.281327;1.942162;0.052117;IP  –  Ampliación a Tercer Carril Doble Calzada Bogotá - Girardot
CUNDINAMARCA;GRANADA;25312;ANI;Girardot - Bogotá;98;11;4.529922;-74.339426;2.403517;0.016238;IP  –  Ampliación a Tercer Carril Doble Calzada Bogotá - Girardot
CUNDINAMARCA;GRANADA;25312;ANI;Girardot - Bogotá;96;6;4.518838;-74.357806;1.725132;0.084504;IP  –  Ampliación a Tercer Carril Doble Calzada Bogotá - Girardot
CUNDINAMARCA;GRANADA;25312;ANI;Girardot - Bogotá;94;8;4.504559;-74.364744;1.725132;0.084504;IP  –  Ampliación a Tercer Carril Doble Calzada Bogotá - Girardot
QUINDÍO;CALARCÁ;63130;INVIAS-OTROS;Calarcá - Ibagué;10;9;4.527243;-75.60247;2.113062;0.034595;
CUNDINAMARCA;SILVANIA;25743;ANI;Girardot - Bogotá;82;10;4.425913;-74.390199;2.562283;0.010399;IP  –  Ampliación a Tercer Carril Doble Calzada Bogotá - Girardot
CUNDINAMARCA;SILVANIA;25743;ANI;Girardot - Bogotá;80;8;4.407575;-74.391368;2.454862;0.014094;IP  –  Ampliación a Tercer Carril Doble Calzada Bogotá - Girardot
CUNDINAMARCA;FUSAGASUGÁ;25290;ANI;Girardot - Bogotá;75;3;4.375719;-74.388125;2.77157;0.005579;IP  –  Ampliación a Tercer Carril Doble Calzada Bogotá - Girardot
CUNDINAMARCA;FUSAGASUGÁ;25290;ANI;Girardot - Bogotá;71;16;4.361716;-74.37977;2.77157;0.005579;IP  –  Ampliación a Tercer Carril Doble Calzada Bogotá - Girardot
CUNDINAMARCA;FUSAGASUGÁ;25290;ANI;Girardot - Bogotá;61;16;4.310412;-74.439811;3.883253;0.000103;IP  –  Ampliación a Tercer Carril Doble Calzada Bogotá - Girardot
CUNDINAMARCA;FUSAGASUGÁ;25290;ANI;Girardot - Bogotá;57;9;4.289098;-74.466172;1.811623;0.070044;IP  –  Ampliación a Tercer Carril Doble Calzada Bogotá - Girardot
CUNDINAMARCA;FUSAGASUGÁ;25290;ANI;Girardot - Bogotá;49;9;4.26336;-74.518687;3.190145;0.001422;IP  –  Ampliación a Tercer Carril Doble Calzada Bogotá - Girardot
CUNDINAMARCA;FUSAGASUGÁ;25290;ANI;Girardot - Bogotá;43;12;4.260434;-74.535832;2.796662;0.005163;IP  –  Ampliación a Tercer Carril Doble Calzada Bogotá - Girardot
CUNDINAMARCA;FUSAGASUGÁ;25290;ANI;Girardot - Bogotá;43;4;4.254834;-74.53858;2.143707;0.032056;IP  –  Ampliación a Tercer Carril Doble Calzada Bogotá - Girardot
TOLIMA;ESPINAL;73268;ANI;Ibagué- Girardot;sd;7;4.233387;-74.9046;1.725132;0.084504;Girardot – Ibagué – Cajamarca
TOLIMA;IBAGUÉ;73001;ANI;Ibagué- Girardot;23;13;4.374953;-75.117841;2.995412;0.002741;Girardot – Ibagué – Cajamarca
TOLIMA;ALVARADO;73026;ANI;Ibagué - Venadillo - Lérida;13;9;4.464096;-75.033862;1.811623;0.070044;IP  –  Cambao Manizales
CUNDINAMARCA;PUERTO SALGAR;25572;INVIAS-OTROS;Puerto Salgar - Barranca;52;9;5.603046;-74.621779;1.811623;0.070044;
SANTANDER;BARRANCABERMEJA;68081;INVIAS-OTROS;Puerto Salgar - Barranca;129;12;6.961981;-73.702929;2.699465;0.006945;
SANTANDER;SABANA DE TORRES;68655;INVIAS-OTROS;Barranca - Aguachica;36;17;7.384705;-73.549463;4.179201;0.000029;
SANTANDER;SABANA DE TORRES;68655;INVIAS-OTROS;Barranca - Aguachica;40;12;7.428684;-73.545312;2.699465;0.006945;
CESAR;SAN ALBERTO;20710;INVIAS-OTROS;Barranca - Aguachica;82;24;7.733236;-73.435159;6.250831;0;
CESAR;SAN ALBERTO;20710;INVIAS-OTROS;Barranca - Aguachica;3;14;7.790466;-73.403877;3.291359;0.000997;
SANTANDER;GIRÓN;68307;DEPTO;;67;1;7.080771;-73.185884;2.292183;0.021895;
SANTANDER;GIRÓN;68307;DEPTO;;69;13;7.073695;-73.179794;2.860912;0.004224;
SANTANDER;GIRÓN;68307;DEPTO;;9;6;7.0724;-73.164142;3.476334;0.000508;
SANTANDER;GIRÓN;68307;DEPTO;Piedecuesta-Girón;8;9;7.064479;-73.166287;3.309362;0.000935;
SANTANDER;FLORIDABLANCA;68276;INVIAS-OTROS;Barbosa - Bucaramanga;1;17;7.06389;-73.095517;4.179201;0.000029;
SANTANDER;FLORIDABLANCA;68276;INVIAS-OTROS;Barbosa - Bucaramanga;87;22;7.045646;-73.078284;5.658936;0;
SANTANDER;PIEDECUESTA;68547;INVIAS-OTROS;Barbosa - Bucaramanga;84;12;7.02063;-73.06025;2.699465;0.006945;
SANTANDER;PIEDECUESTA;68547;INVIAS-OTROS;Barbosa - Bucaramanga;79;16;6.99008;-73.044162;4.027295;0.000056;
SANTANDER;PIEDECUESTA;68547;INVIAS-OTROS;Barbosa - Bucaramanga;78;9;6.972442;-73.044608;4.027295;0.000056;
RISARALDA;PEREIRA;66001;INVIAS-OTROS;Variante Pereira;5;7;4.813499;-75.801036;3.309362;0.000935;
RISARALDA;PEREIRA;66001;INVIAS-OTROS;Variante Pereira;8;14;4.810408;-75.810555;2.440202;0.014679;
CESAR;SAN ALBERTO;20710;INVIAS-OTROS;Barranca - Aguachica;7;10;7.831367;-73.425267;2.10757;0.035068;
CESAR;SAN MARTÍN;20770;INVIAS-OTROS;Barranca - Aguachica;15;11;7.896122;-73.45797;2.403517;0.016238;
CESAR;SAN MARTÍN;20770;INVIAS-OTROS;Barranca - Aguachica;23;10;7.963444;-73.493668;2.10757;0.035068;
CESAR;SAN MARTÍN;20770;INVIAS-OTROS;Barranca - Aguachica;31;13;8.014307;-73.520019;2.995412;0.002741;
CESAR;RIO DE ORO;20614;INVIAS-OTROS;Barranca - Aguachica;37;11;8.07286;-73.549345;2.403517;0.016238;
NORTE DE SANTANDER;EL ZULIA;54261;INVIAS-OTROS;;74;4;7.928047;-72.598278;2.893293;0.003812;
NORTE DE SANTANDER;EL ZULIA;54261;INVIAS-OTROS;El Zulia-Cúcuta;58;24;7.930199;-72.590409;2.022182;0.043158;
QUINDÍO;CALARCÁ;63130;ANI;;85;1;4.530654;-75.634098;3.822062;0.000132;Armenia -Pereira - Manizales
QUINDÍO;CALARCÁ;63130;INVIAS-OTROS;Calarcá - Ibagué;86;21;4.529347;-75.632733;4.512465;0.0000060;
QUINDÍO;CALARCÁ;63130;ANI;La Paila - Calarcá;85;9;4.528841;-75.634918;3.328315;0.000874;Armenia -Pereira - Manizales
QUINDÍO;CALARCÁ;63130;INVIAS-OTROS;Calarcá - Ibagué;6;11;4.525523;-75.620722;4.512465;0.0000060;
QUINDÍO;CALARCÁ;63130;INVIAS-OTROS;Calarcá - Ibagué;10;1;4.51878;-75.606768;2.113062;0.034595;
META;PUERTO LÓPEZ;50573;ANI;Villavicencio-Puente Arimena;55;9;4.061221;-73.147511;1.811623;0.070044;IP Malla Vial del Meta
META;VILLAVICENCIO;50001;ANI;Villavicencio-Puente Arimena;1;14;4.108613;-73.600597;3.60872;0.000308;IP Malla Vial del Meta
META;VILLAVICENCIO;50001;ANI;Villavicencio-Puente Arimena;sd;9;4.119353;-73.613572;3.60872;0.000308;IP Malla Vial del Meta
ANTIOQUIA;BELLO;5088;ANI;Medellín - Santuario;0;20;6.310587;-75.554145;4.198048;0.000027;Desarrollo Vial del Oriente de Medellín – DEVIMED
ANTIOQUIA;BELLO;5088;DEPTO;El Hatillo - Girardota - Copacabana - Bello - Med*;0;8;6.311688;-75.556634;4.198048;0.000027;
ANTIOQUIA;BELLO;5088;DEPTO;El Hatillo - Girardota - Copacabana - Bello - Med*;1;18;6.319209;-75.554685;4.057085;0.000050;
ANTIOQUIA;BELLO;5088;DEPTO;El Hatillo - Girardota - Copacabana - Bello - Med*;sd;4;6.328732;-75.551494;2.773603;0.005544;
ANTIOQUIA;BELLO;5088;DEPTO;El Hatillo - Girardota - Copacabana - Bello - Med*;sd;2;6.333141;-75.546963;2.872332;0.004075;
ANTIOQUIA;BELLO;5088;DEPTO;El Hatillo - Girardota - Copacabana - Bello - Med*;sd;7;6.335769;-75.544387;1.774034;0.076058;
ANTIOQUIA;BELLO;5088;DEPTO;El Hatillo - Girardota - Copacabana - Bello - Med*;sd;8;6.338664;-75.541278;2.405296;0.016159;
ANTIOQUIA;BELLO;5088;DEPTO;El Hatillo - Girardota - Copacabana - Bello - Med*;sd;5;6.341784;-75.535189;2.747471;0.006006;
ANTIOQUIA;BELLO;5088;DEPTO;El Hatillo - Girardota - Copacabana - Bello - Med*;sd;10;6.34504;-75.527145;3.258129;0.001121;
ANTIOQUIA;BELLO;5088;DEPTO;El Hatillo - Girardota - Copacabana - Bello - Med*;sd;8;6.347716;-75.520433;5.992653;0;
ANTIOQUIA;COPACABANA;5212;DEPTO;El Hatillo - Girardota - Copacabana - Bello - Med*;sd;29;6.351463;-75.510076;5.531061;0;
ANTIOQUIA;COPACABANA;5212;DEPTO;El Hatillo - Girardota - Copacabana - Bello - Med*;sd;4;6.356767;-75.500166;4.505661;0.0000070;
ANTIOQUIA;GIRARDOTA;5308;DEPTO;El Hatillo - Girardota - Copacabana - Bello - Med*;sd;1;6.390938;-75.445768;1.942162;0.052117;
ANTIOQUIA;GIRARDOTA;5308;DEPTO;El Hatillo - Girardota - Copacabana - Bello - Med*;sd;13;6.397619;-75.436746;2.283962;0.022374;
ANTIOQUIA;GIRARDOTA;5308;DEPTO;El Hatillo - Girardota - Copacabana - Bello - Med*;sd;8;6.405591;-75.426525;2.796662;0.005163;
ANTIOQUIA;BARBOSA;5079;DEPTO;El Hatillo - Girardota - Copacabana - Bello - Med*;sd;4;6.411562;-75.415101;1.771262;0.076517;
ANTIOQUIA;BARBOSA;5079;DEPTO;;9;10;6.433996;-75.337423;2.10757;0.035068;
ANTIOQUIA;GUARNE;5318;ANI;Medellín - Santuario;27;6;6.248448;-75.424514;1.848127;0.064584;Desarrollo Vial del Oriente de Medellín – DEVIMED
ANTIOQUIA;GUARNE;5318;ANI;Medellín - Santuario;25;5;6.252809;-75.429236;1.771262;0.076517;Desarrollo Vial del Oriente de Medellín – DEVIMED
ANTIOQUIA;COPACABANA;5212;ANI;Medellín - Santuario;15;5;6.32795;-75.480226;2.33129;0.019738;Desarrollo Vial del Oriente de Medellín – DEVIMED
ANTIOQUIA;COPACABANA;5212;ANI;Medellín - Santuario;15;1;6.328481;-75.48361;2.33129;0.019738;Desarrollo Vial del Oriente de Medellín – DEVIMED
ANTIOQUIA;BELLO;5088;ANI;Medellín - Santuario;2;9;6.323438;-75.539697;2.019913;0.043392;Desarrollo Vial del Oriente de Medellín – DEVIMED
ANTIOQUIA;BELLO;5088;ANI;Medellín - Santuario;1;1;6.322096;-75.544771;4.074447;0.000046;Desarrollo Vial del Oriente de Medellín – DEVIMED
ANTIOQUIA;BELLO;5088;ANI;Medellín - Santuario;1;1;6.31862;-75.546815;3.766984;0.000165;Desarrollo Vial del Oriente de Medellín – DEVIMED
ANTIOQUIA;BELLO;5088;ANI;Medellín - Santuario;0;4;6.313718;-75.548768;4.057085;0.000050;Desarrollo Vial del Oriente de Medellín – DEVIMED
VALLE DEL CAUCA;ZARZAL;76895;DEPTO;Buga- La Victoria;21;11;4.316067;-76.070563;2.403517;0.016238;
VALLE DEL CAUCA;ZARZAL;76895;DEPTO;Buga- La Victoria;26;16;4.357573;-76.068876;3.883253;0.000103;
VALLE DEL CAUCA;CARTAGO;76147;INVIAS-OTROS;Viterbo-Ansermanuevo;sd;17;4.744053;-75.911907;2.781367;0.005413;
VALLE DEL CAUCA;CARTAGO;76147;INVIAS-OTROS;La Victoria-La Virginia;76;1;4.735231;-75.903363;1.777049;0.07556;
VALLE DEL CAUCA;CARTAGO;76147;INVIAS-OTROS;;2;2;4.73792;-75.898956;1.662108;0.096491;
VALLE DEL CAUCA;ANDALUCÍA;76036;DEPTO;Buga- La Victoria;0;19;4.168398;-76.173499;4.771095;0.0000020;
VALLE DEL CAUCA;SAN PEDRO;76670;DEPTO;Buga- La Victoria;87;17;4.037479;-76.210181;4.179201;0.000029;
VALLE DEL CAUCA;SAN PEDRO;76670;DEPTO;Buga- La Victoria;82;23;4.000509;-76.229883;5.954884;0;
VALLE DEL CAUCA;SAN PEDRO;76670;DEPTO;Buga- La Victoria;78;9;3.975317;-76.248638;2.143707;0.032056;
VALLE DEL CAUCA;SAN PEDRO;76670;DEPTO;Buga- La Victoria;sd;7;3.964974;-76.261151;3.651162;0.000261;
VALLE DEL CAUCA;BUGA;76111;DEPTO;Buga- La Victoria;75;14;3.952215;-76.27109;4.334761;0.000015;
VALLE DEL CAUCA;BUGA;76111;DEPTO;Buga- La Victoria;73;13;3.938814;-76.279742;4.163861;0.000031;
VALLE DEL CAUCA;BUGA;76111;DEPTO;Buga- La Victoria;71;6;3.928157;-76.28615;2.967562;0.003002;
VALLE DEL CAUCA;BUGA;76111;DEPTO;Buga- La Victoria;70;7;3.921209;-76.29417;2.113062;0.034595;
VALLE DEL CAUCA;BUGA;76111;DEPTO;Buga- La Victoria;68;8;3.909898;-76.306519;2.283962;0.022374;
VALLE DEL CAUCA;BUGA;76111;DEPTO;Buga- La Victoria;118;7;3.897147;-76.312121;1.848127;0.064584;
VALLE DEL CAUCA;BUGA;76111;INVIAS-OTROS;Loboguerrero - Buga;117;7;3.891756;-76.317133;2.198885;0.027886;
VALLE DEL CAUCA;BUGA;76111;INVIAS-OTROS;Candelaria-Buga;59;19;3.835801;-76.302609;4.771095;0.0000020;
VALLE DEL CAUCA;GUACARÍ;76318;INVIAS-OTROS;Candelaria-Buga;55;18;3.785473;-76.319112;4.655158;0.0000030;
VALLE DEL CAUCA;GUACARÍ;76318;INVIAS-OTROS;Candelaria-Buga;53;10;3.770634;-76.326015;4.655158;0.0000030;
VALLE DEL CAUCA;GUACARÍ;76318;INVIAS-OTROS;Candelaria-Buga;49;10;3.745999;-76.324502;2.10757;0.035068;
VALLE DEL CAUCA;EL CERRITO;76248;INVIAS-OTROS;Candelaria-Buga;42;8;3.684455;-76.307218;1.942162;0.052117;
VALLE DEL CAUCA;PALMIRA;76520;INVIAS-OTROS;Cali - Palmira;13;27;3.517906;-76.366127;7.138672;0;
VALLE DEL CAUCA;PALMIRA;76520;INVIAS-OTROS;Cali - Palmira;9;20;3.507193;-76.413909;5.067042;0;
VALLE DEL CAUCA;PALMIRA;76520;INVIAS-OTROS;;sd;5;3.551248;-76.477194;1.771262;0.076517;
VALLE DEL CAUCA;CALI;76001;INVIAS-OTROS;Cali-Dagua;sd;7;3.451146;-76.539785;2.562283;0.010399;
VALLE DEL CAUCA;CALI;76001;INVIAS-OTROS;Cali-Dagua;sd;11;3.452461;-76.553232;1.771262;0.076517;
VALLE DEL CAUCA;CALI;76001;INVIAS-OTROS;Cali-Dagua;sd;1;3.451813;-76.566716;2.454862;0.014094;
VALLE DEL CAUCA;CALI;76001;INVIAS-OTROS;Cali-Dagua;sd;11;3.45358;-76.571696;1.771262;0.076517;
VALLE DEL CAUCA;CALI;76001;INVIAS-OTROS;Cali-Dagua;9;7;3.461738;-76.585255;2.625762;0.008646;
VALLE DEL CAUCA;DAGUA;76233;INVIAS-OTROS;Cali-Dagua;48;5;3.659968;-76.687838;1.93442;0.053062;
VALLE DEL CAUCA;BUENAVENTURA;76109;INVIAS-OTROS;Buenaventura-Citronela;16;9;3.886307;-76.957788;2.283962;0.022374;
VALLE DEL CAUCA;BUENAVENTURA;76109;INVIAS-OTROS;Buenaventura-Citronela;15;6;3.877498;-76.969294;2.283962;0.022374;
VALLE DEL CAUCA;BUENAVENTURA;76109;INVIAS-OTROS;Buenaventura-Citronela;12;7;3.870116;-76.980122;3.822062;0.000132;
VALLE DEL CAUCA;BUENAVENTURA;76109;INVIAS-OTROS;Buenaventura-Citronela;12;18;3.867071;-76.989767;4.027295;0.000056;
VALLE DEL CAUCA;BUGA;76111;INVIAS-OTROS;Loboguerrero - Buga;117;11;3.892281;-76.330593;2.113062;0.034595;
CESAR;AGUACHICA;20011;INVIAS-OTROS;Aguachica  - San Roque;67;19;8.317272;-73.59724;4.771095;0.0000020;
CESAR;LA GLORIA;20383;INVIAS-OTROS;Aguachica  - San Roque;1;18;8.615513;-73.635588;4.475148;0.0000080;
CESAR;PELAYA;20550;INVIAS-OTROS;Aguachica  - San Roque;9;14;8.678751;-73.655793;3.291359;0.000997;
CESAR;BOSCONIA;20060;ANI;Carmen de Bolívar-Bosconia;22;11;9.955669;-73.917679;2.403517;0.016238;Ruta del Sol 3
CESAR;BOSCONIA;20060;ANI;Bosconia - Cienaga;84;16;9.93861;-73.862205;3.883253;0.000103;Ruta del Sol 3
CESAR;EL PASO;20250;ANI;San Roque - Bosconia;38;9;9.607065;-73.612902;1.811623;0.070044;Ruta del Sol 3
CESAR;CURUMANÍ;20228;ANI;San Roque - Bosconia;4;10;9.319363;-73.516691;2.10757;0.035068;Ruta del Sol 3
CESAR;CURUMANÍ;20228;INVIAS-OTROS;Aguachica  - San Roque;79;9;9.212012;-73.526195;1.811623;0.070044;
CESAR;PAILITAS;20517;INVIAS-OTROS;Aguachica  - San Roque;45;10;8.988073;-73.629476;2.10757;0.035068;
CESAR;PAILITAS;20517;INVIAS-OTROS;Aguachica  - San Roque;37;23;8.91766;-73.642138;5.954884;0;
VALLE DEL CAUCA;YUMBO;76892;INVIAS-OTROS;Yumbo - Yotoco - Buga;14;7;3.597351;-76.483492;1.848127;0.064584;
VALLE DEL CAUCA;YUMBO;76892;INVIAS-OTROS;Yumbo - Yotoco - Buga;13;5;3.591317;-76.483483;3.655345;0.000257;
VALLE DEL CAUCA;YUMBO;76892;INVIAS-OTROS;Yumbo - Yotoco - Buga;13;10;3.585137;-76.484617;4.449778;0.0000090;
VALLE DEL CAUCA;YUMBO;76892;INVIAS-OTROS;Yumbo - Yotoco - Buga;11;18;3.577806;-76.486178;4.582184;0.0000050;
VALLE DEL CAUCA;YUMBO;76892;INVIAS-OTROS;Yumbo - Yotoco - Buga;10;8;3.5689;-76.485162;4.317373;0.000016;
VALLE DEL CAUCA;YUMBO;76892;INVIAS-OTROS;Yumbo - Yotoco - Buga;8;8;3.563146;-76.489157;3.714522;0.000204;
VALLE DEL CAUCA;YUMBO;76892;INVIAS-OTROS;Yumbo - Yotoco - Buga;8;3;3.559836;-76.492298;1.996146;0.045918;
TOLIMA;ESPINAL;73268;ANI;Neiva-Girardot;3;19;4.150533;-74.888622;4.334761;0.000015;IP  –  Neiva – Espinal - Girardot
CESAR;CURUMANÍ;20228;INVIAS-OTROS;San Roque-La Paz;6;9;9.326617;-73.488783;1.811623;0.070044;
CESAR;SAN DIEGO;20750;INVIAS-OTROS;San Roque-La Paz;128;19;10.289912;-73.206808;4.771095;0.0000020;
CESAR;VALLEDUPAR;20001;CIUDAD;;sd;12;10.46437;-73.253769;2.699465;0.006945;
LA GUAJIRA;FONSECA;44279;INVIAS-OTROS;La Paz - Maicao;6;10;10.890788;-72.842541;2.10757;0.035068;
LA GUAJIRA;MAICAO;44430;ANI;Santa Marta-Maicao-Paraguachón;81;23;11.371088;-72.191169;5.954884;0;Santa Marta - Paraguachón
LA GUAJIRA;MANAURE;44560;ANI;Santa Marta-Maicao-Paraguachón;15;11;11.506861;-72.76381;2.403517;0.016238;Santa Marta - Paraguachón
LA GUAJIRA;RIOHACHA;44001;ANI;Santa Marta-Maicao-Paraguachón;88;17;11.519362;-72.954554;4.179201;0.000029;Santa Marta - Paraguachón
LA GUAJIRA;DIBULLA;44090;ANI;Santa Marta-Maicao-Paraguachón;50;10;11.258772;-73.160237;2.10757;0.035068;Santa Marta - Paraguachón
LA GUAJIRA;DIBULLA;44090;ANI;Santa Marta-Maicao-Paraguachón;42;11;11.229646;-73.224032;2.403517;0.016238;Santa Marta - Paraguachón
MAGDALENA;SANTA MARTA;47001;ANI;Santa Marta-Maicao-Paraguachón;48;9;11.248769;-73.779344;1.811623;0.070044;Santa Marta - Paraguachón
MAGDALENA;SANTA MARTA;47001;ANI;Santa Marta-Maicao-Paraguachón;16;12;11.276734;-74.039509;2.699465;0.006945;Santa Marta - Paraguachón
MAGDALENA;CIÉNAGA;47189;DEPTO;Cienaga - Barranquilla;62;26;11.00709;-74.237504;6.842725;0;
MAGDALENA;CIÉNAGA;47189;ANI;Bosconia - Cienaga;96;16;10.982643;-74.194628;3.883253;0.000103;Ruta del Sol 3
MAGDALENA;PUEBLOVIEJO;47570;DEPTO;Cienaga - Barranquilla;56;11;10.993441;-74.28516;2.403517;0.016238;
MAGDALENA;ZONA BANANERA;47980;ANI;Bosconia - Cienaga;86;10;10.893418;-74.15375;2.10757;0.035068;Ruta del Sol 3
MAGDALENA;ZONA BANANERA;47980;ANI;Bosconia - Cienaga;54;12;10.654616;-74.162503;2.699465;0.006945;Ruta del Sol 3
CESAR;BOSCONIA;20060;ANI;Bosconia - Cienaga;5;9;10.027275;-73.911137;1.811623;0.070044;Ruta del Sol 3
MAGDALENA;PUEBLOVIEJO;47570;DEPTO;Cienaga - Barranquilla;50;10;10.974471;-74.342166;2.10757;0.035068;
MAGDALENA;SITIONUEVO;47745;DEPTO;Cienaga - Barranquilla;12;11;11.00656;-74.671399;2.403517;0.016238;
ATLÁNTICO;SOLEDAD;8758;ANI;Barranquilla - Malambo - Palmar de Varela;78;35;10.920684;-74.775729;9.50625;0;Ruta Caribe
ATLÁNTICO;PUERTO COLOMBIA;8573;ANI;Barranquilla - Cartagena;104;9;11.013682;-74.880656;1.811623;0.070044;Cartagena – Barranquilla – “Circunvalar de la Prosperidad”
BOLÍVAR;CARTAGENA DE INDIAS;13001;ANI;Barranquilla - Cartagena;12;9;10.543179;-75.460686;1.811623;0.070044;Cartagena – Barranquilla – “Circunvalar de la Prosperidad”
BOLÍVAR;TURBACO;13836;ANI;Sincerin - Arjona - Turbaco - Cartagena;92;10;10.338313;-75.418314;2.796662;0.005163;Ruta Caribe
BOLÍVAR;TURBACO;13836;ANI;Sincerin - Arjona - Turbaco - Cartagena;92;10;10.332981;-75.410213;2.980858;0.002874;Ruta Caribe
BOLÍVAR;SANTA CATALINA;13673;ANI;Cartagena-Barranquilla (Cordialidad);29;10;10.596021;-75.294129;2.10757;0.035068;Ruta Caribe
ATLÁNTICO;MALAMBO;8433;INVIAS-OTROS;;72;4;10.863689;-74.778801;5.872861;0;
ATLÁNTICO;MALAMBO;8433;ANI;Barranquilla - Malambo - Palmar de Varela;71;33;10.852572;-74.77184;6.538746;0;Ruta Caribe
ATLÁNTICO;SANTO TOMÁS;8685;ANI;Barranquilla - Malambo - Palmar de Varela;62;14;10.771084;-74.75912;3.291359;0.000997;Ruta Caribe
ATLÁNTICO;SANTO TOMÁS;8685;ANI;Barranquilla - Malambo - Palmar de Varela;58;12;10.748465;-74.757868;2.699465;0.006945;Ruta Caribe
ATLÁNTICO;PONEDERA;8560;ANI;Carreto - Barranquilla;46;11;10.646053;-74.760489;2.403517;0.016238;Puerta de Hierro – Palmar de Varela y Carreto – Cruz del Viso
ATLÁNTICO;PONEDERA;8560;ANI;Carreto - Barranquilla;38;10;10.571941;-74.791658;2.10757;0.035068;Puerta de Hierro – Palmar de Varela y Carreto – Cruz del Viso
BOLÍVAR;MAHATES;13433;ANI;Carreto-Cartagena;60;11;10.136478;-75.25549;2.403517;0.016238;Ruta Caribe
BOLÍVAR;ARJONA;13052;ANI;Sincerin - Arjona - Turbaco - Cartagena;78;11;10.250748;-75.34756;2.403517;0.016238;Ruta Caribe
SUCRE;COVEÑAS;70221;INVIAS-OTROS;;3;11;9.380651;-75.682601;2.403517;0.016238;
CÓRDOBA;COTORRA;23300;ANI;San Pelayo-Lorica;25;10;9.030229;-75.827469;2.10757;0.035068;IP – Antioquia – Bolívar
CÓRDOBA;CERETÉ;23162;ANI;Cereté - San Pelayo;13;43;8.920309;-75.812669;11.873827;0;IP – Antioquia – Bolívar
CÓRDOBA;MONTERÍA;23001;ANI;Arboletes-Montería;60;1;8.781073;-75.894108;1.93442;0.053062;IP – Antioquia – Bolívar
ANTIOQUIA;TURBO;5837;ANI;Chigorodó-Turbo;6;11;8.076931;-76.673802;2.403517;0.016238;Autopistas al Mar 2
ANTIOQUIA;TURBO;5837;ANI;Chigorodó-Turbo;16;30;8.005361;-76.640697;8.026514;0;Autopistas al Mar 2
ANTIOQUIA;APARTADÓ;5045;ANI;Chigorodó-Turbo;30;24;7.873917;-76.635127;6.250831;0;Autopistas al Mar 2
ANTIOQUIA;APARTADÓ;5045;ANI;Chigorodó-Turbo;40;20;7.795214;-76.653741;5.067042;0;Autopistas al Mar 2
ANTIOQUIA;CAREPA;5147;ANI;Chigorodó-Turbo;48;24;7.724083;-76.667336;6.250831;0;Autopistas al Mar 2
ANTIOQUIA;CHIGORODÓ;5172;ANI;Chigorodó-Turbo;53;3;7.676232;-76.678499;2.352995;0.018623;Autopistas al Mar 2
ANTIOQUIA;CHIGORODÓ;5172;ANI;Santafé de Antioquía - Chigorodó;0;14;7.666802;-76.677201;2.352995;0.018623;Autopistas al Mar 2
ANTIOQUIA;CHIGORODÓ;5172;ANI;Santafé de Antioquía - Chigorodó;6;16;7.619732;-76.649909;3.883253;0.000103;Autopistas al Mar 2
CÓRDOBA;MOMIL;23464;INVIAS-OTROS;Lorica - Chinú;19;9;9.236171;-75.64841;1.811623;0.070044;
CÓRDOBA;SAHAGÚN;23660;ANI;Planeta Rica - Sincelejo;72;4;8.957414;-75.453161;1.942162;0.052117;Córdoba – Sucre
CÓRDOBA;CIÉNAGA DE ORO;23189;ANI;Montería-La Ye;14;9;8.879113;-75.662968;1.811623;0.070044;Córdoba – Sucre
CÓRDOBA;CIÉNAGA DE ORO;23189;ANI;Montería-La Ye;8;16;8.885013;-75.720018;3.883253;0.000103;Córdoba – Sucre
CÓRDOBA;CERETÉ;23162;ANI;Montería-La Ye;4;6;8.887841;-75.752688;2.143707;0.032056;Córdoba – Sucre
CÓRDOBA;MONTERÍA;23001;ANI;Montería-La Ye;sd;13;8.831702;-75.834453;2.995412;0.002741;Córdoba – Sucre
CÓRDOBA;MONTERÍA;23001;ANI;Arboletes-Montería;63;1;8.753386;-75.895939;1.93442;0.053062;IP – Antioquia – Bolívar
CÓRDOBA;MONTERÍA;23001;ANI;Planeta Rica - Montería;41;29;8.694844;-75.818022;7.730567;0;IP – Antioquia – Bolívar
CÓRDOBA;MONTERÍA;23001;ANI;Planeta Rica - Montería;29;15;8.601799;-75.737804;3.587306;0.000334;IP – Antioquia – Bolívar
SUCRE;SINCELEJO;70001;ANI;Planeta Rica - Sincelejo;sd;30;9.29113;-75.389608;8.026514;0;Córdoba – Sucre
SUCRE;SINCELEJO;70001;ANI;Sincelejo - Toluviejo;sd;5;9.290947;-75.411936;1.996146;0.045918;Córdoba – Sucre
SUCRE;SINCELEJO;70001;ANI;Sincelejo - Toluviejo;sd;11;9.302744;-75.4129;1.942162;0.052117;Córdoba – Sucre
BOLÍVAR;MAGANGUÉ;13430;INVIAS-OTROS;Puerta del Hierro-Magangué;62;18;9.253232;-74.768052;4.475148;0.0000080;
CÓRDOBA;PLANETA RICA;23555;ANI;Caucasia-Planeta Rica;59;16;8.361346;-75.56274;3.883253;0.000103;IP – Antioquia – Bolívar
SANTANDER;GIRÓN;68307;DEPTO;;9;7;7.079411;-73.16713;3.920156;0.000088;
SANTANDER;GIRÓN;68307;DEPTO;;12;17;7.092439;-73.167864;3.138462;0.001698;
SANTANDER;BUCARAMANGA;68001;DEPTO;;12;3;7.105292;-73.1642;2.625762;0.008646;
ARAUCA;SARAVENA;81736;INVIAS-OTROS;;126;12;6.935449;-71.860429;2.699465;0.006945;
ARAUCA;FORTUL;81300;INVIAS-OTROS;;102;14;6.792454;-71.762877;3.291359;0.000997;
ARAUCA;TAME;81794;INVIAS-OTROS;Yopal - Tame;58;11;6.464472;-71.724108;3.822062;0.000132;
ARAUCA;TAME;81794;INVIAS-OTROS;Tame - San Lope;58;15;6.461702;-71.73376;3.138462;0.001698;
CUNDINAMARCA;GUADUAS;25320;ANI;Guaduas-Puerto Salgar;sd;13;5.162565;-74.589129;2.995412;0.002741;Ruta del Sol 1
VALLE DEL CAUCA;CARTAGO;76147;INVIAS-OTROS;Viterbo-Ansermanuevo;12;11;4.752233;-75.926535;2.884258;0.003923;
TOLIMA;ESPINAL;73268;ANI;Neiva-Girardot;37;4;4.159177;-74.878766;4.334761;0.000015;IP  –  Neiva – Espinal - Girardot
TOLIMA;ESPINAL;73268;ANI;;29;17;4.180779;-74.941403;4.179201;0.000029;Girardot – Ibagué – Cajamarca
TOLIMA;ESPINAL;73268;ANI;;35;11;4.166115;-74.893365;4.334761;0.000015;IP  –  Neiva – Espinal - Girardot
TOLIMA;COYAIMA;73217;ANI;Neiva-Girardot;97;15;3.728237;-75.078416;3.587306;0.000334;IP  –  Neiva – Espinal - Girardot
HUILA;NEIVA;41001;INVIAS-OTROS;Campoalegre-Neiva;sd;11;2.900041;-75.280243;1.725132;0.084504;
HUILA;RIVERA;41615;ANI;Campoalegre-Neiva;98;12;2.773851;-75.304487;2.699465;0.006945;Santana - Mocoa - Neiva
HUILA;RIVERA;41615;ANI;Campoalegre-Neiva;102;17;2.823454;-75.293748;4.179201;0.000029;Santana - Mocoa - Neiva
VALLE DEL CAUCA;CALI;76001;INVIAS-OTROS;Cali - Jamundí - La Primavera;114;33;3.334052;-76.523275;8.914356;0;
VALLE DEL CAUCA;CALI;76001;INVIAS-OTROS;Cali - Jamundí - La Primavera;109;10;3.292549;-76.524099;4.236583;0.000023;
VALLE DEL CAUCA;JAMUNDÍ;76364;INVIAS-OTROS;Cali - Jamundí - La Primavera;107;16;3.277813;-76.530515;5.872861;0;
VALLE DEL CAUCA;JAMUNDÍ;76364;INVIAS-OTROS;Cali - Jamundí - La Primavera;106;17;3.263976;-76.532714;5.701596;0;
VALLE DEL CAUCA;JAMUNDÍ;76364;INVIAS-OTROS;Cali - Jamundí - La Primavera;103;22;3.241905;-76.520027;5.658936;0;
CAUCA;VILLA RICA;19845;INVIAS-OTROS;Santander de Quilichao-Candelaria;87;12;3.125511;-76.465252;2.699465;0.006945;
CAUCA;CALOTO;19142;INVIAS-OTROS;Santander de Quilichao-Candelaria;6;16;3.202309;-76.437167;3.883253;0.000103;
CAUCA;SANTANDER DE QUILICHAO;19698;ANI;Popayán-Santander de Quilichao;69;9;2.979634;-76.512275;1.725132;0.084504;Popayán – Santander de Quilichao
CAUCA;SANTANDER DE QUILICHAO;19698;ANI;Popayán-Santander de Quilichao;67;5;2.96747;-76.523872;1.771262;0.076517;Popayán – Santander de Quilichao
CAUCA;SANTANDER DE QUILICHAO;19698;ANI;Popayán-Santander de Quilichao;61;4;2.929906;-76.533393;1.771262;0.076517;Popayán – Santander de Quilichao
CAUCA;SANTANDER DE QUILICHAO;19698;ANI;Popayán-Santander de Quilichao;57;4;2.905431;-76.548111;2.967562;0.003002;Popayán – Santander de Quilichao
CAUCA;SANTANDER DE QUILICHAO;19698;ANI;Popayán-Santander de Quilichao;55;12;2.891072;-76.549033;2.143707;0.032056;Popayán – Santander de Quilichao
CAUCA;CALDONO;19137;ANI;Popayán-Santander de Quilichao;51;3;2.856049;-76.547731;2.113062;0.034595;Popayán – Santander de Quilichao
CAUCA;CALDONO;19137;ANI;Popayán-Santander de Quilichao;49;10;2.84217;-76.543632;1.771262;0.076517;Popayán – Santander de Quilichao
CAUCA;CALDONO;19137;ANI;Popayán-Santander de Quilichao;47;6;2.827031;-76.53812;2.113062;0.034595;Popayán – Santander de Quilichao
CAUCA;CAJIBÍO;19130;ANI;Popayán-Santander de Quilichao;19;4;2.619268;-76.517618;1.848127;0.064584;Popayán – Santander de Quilichao
CAUCA;CAJIBÍO;19130;ANI;Popayán-Santander de Quilichao;19;8;2.612005;-76.521688;2.113062;0.034595;Popayán – Santander de Quilichao
CAUCA;CAJIBÍO;19130;ANI;Popayán-Santander de Quilichao;17;9;2.6019;-76.527638;2.454862;0.014094;Popayán – Santander de Quilichao
CAUCA;CAJIBÍO;19130;ANI;Popayán-Santander de Quilichao;15;6;2.589271;-76.533741;1.771262;0.076517;Popayán – Santander de Quilichao
CAUCA;POPAYÁN;19001;INVIAS-OTROS;;3;7;2.450318;-76.627068;1.88596;0.0593;
CAUCA;POPAYÁN;19001;INVIAS-OTROS;Pasto-Popayán;58;7;2.456928;-76.638843;1.659538;0.097007;
CAUCA;POPAYÁN;19001;INVIAS-OTROS;Pasto-Popayán;2;6;2.442898;-76.631766;2.022182;0.043158;
CAUCA;PATÍA (El Bordo);19532;INVIAS-OTROS;Pasto-Popayán;41;4;2.109391;-76.989407;1.942162;0.052117;
NARIÑO;CHACHAGUÍ;52240;INVIAS-OTROS;Pasto-Popayán;34;12;1.409443;-77.285404;2.699465;0.006945;
NARIÑO;PASTO;52001;INVIAS-OTROS;Pasto - La Unión - Mercaderes;6;21;1.233546;-77.288157;2.884258;0.003923;
NARIÑO;PASTO;52001;INVIAS-OTROS;Pasto - Sandona - Yacuanquer;91;6;1.228488;-77.290755;3.480262;0.000501;
NARIÑO;PASTO;52001;INVIAS-OTROS;Pasto - Sandona - Yacuanquer;6;2;1.235623;-77.300487;2.33129;0.019738;
VALLE DEL CAUCA;PALMIRA;76520;INVIAS-OTROS;;23;12;3.547273;-76.294634;2.77157;0.005579;
CAUCA;CORINTO;19212;INVIAS-OTROS;Palmira - El Palo;38;13;3.178586;-76.257139;2.143707;0.032056;
VALLE DEL CAUCA;FLORIDA;76275;INVIAS-OTROS;Palmira - El Palo;52;9;3.295063;-76.229263;1.811623;0.070044;
VALLE DEL CAUCA;PRADERA;76563;INVIAS-OTROS;Palmira - El Palo;68;1;3.403672;-76.238295;2.352995;0.018623;
VALLE DEL CAUCA;PRADERA;76563;INVIAS-OTROS;Palmira - El Palo;70;16;3.418195;-76.242316;2.352995;0.018623;
VALLE DEL CAUCA;PRADERA;76563;INVIAS-OTROS;Palmira - El Palo;74;12;3.454401;-76.242808;2.699465;0.006945;
VALLE DEL CAUCA;CANDELARIA;76130;INVIAS-OTROS;Candelaria-Buga;37;4;3.421848;-76.350184;4.163861;0.000031;
VALLE DEL CAUCA;CANDELARIA;76130;INVIAS-OTROS;Santander de Quilichao-Candelaria;35;26;3.405531;-76.35194;5.073733;0;
VALLE DEL CAUCA;CANDELARIA;76130;INVIAS-OTROS;Santander de Quilichao-Candelaria;33;9;3.387203;-76.352804;1.811623;0.070044;
VALLE DEL CAUCA;PALMIRA;76520;INVIAS-OTROS;El Cerrito - Obando - Cali;sd;12;3.57099;-76.408845;2.699465;0.006945;
VALLE DEL CAUCA;PALMIRA;76520;INVIAS-OTROS;;26;7;3.563894;-76.290876;2.77157;0.005579;
VALLE DEL CAUCA;PALMIRA;76520;INVIAS-OTROS;;27;14;3.580975;-76.281778;3.291359;0.000997;
META;VILLAVICENCIO;50001;INVIAS-OTROS;Granada - Villavicencio;72;12;4.102055;-73.658598;2.699465;0.006945;
META;VILLAVICENCIO;50001;ANI;Granada - Villavicencio;70;9;4.086963;-73.673234;1.811623;0.070044;IP Malla Vial del Meta
META;ACACÍAS;50006;ANI;Granada - Villavicencio;48;17;3.975073;-73.767709;4.179201;0.000029;IP Malla Vial del Meta
META;GUAMAL;50318;ANI;Granada - Villavicencio;34;9;3.846129;-73.763028;1.811623;0.070044;IP Malla Vial del Meta
META;CUBARRAL;50223;ANI;Granada - Villavicencio;24;9;3.765605;-73.728621;1.811623;0.070044;IP Malla Vial del Meta
META;GRANADA;50313;INVIAS-OTROS;San Juan de Arama-Granada;93;11;3.435439;-73.762426;2.403517;0.016238;
HUILA;SUAZA;41770;INVIAS-OTROS;Florencia - Guayabal - Altamira;5;10;1.984003;-75.79456;2.10757;0.035068;
HUILA;SUAZA;41770;INVIAS-OTROS;Florencia - Guayabal - Altamira;8;13;1.958148;-75.799874;2.995412;0.002741;
HUILA;SUAZA;41770;INVIAS-OTROS;Florencia - Guayabal - Altamira;28;10;1.824159;-75.80044;2.10757;0.035068;
CAQUETÁ;FLORENCIA;18001;INVIAS-OTROS;Florencia - Guayabal - Altamira;sd;6;1.625063;-75.612312;2.113062;0.034595;
CAQUETÁ;FLORENCIA;18001;INVIAS-OTROS;Florencia  - San Vicente del Caguán;sd;13;1.611408;-75.604107;2.77157;0.005579;
NARIÑO;LA UNIÓN;52399;INVIAS-OTROS;Pasto - La Unión - Mercaderes;89;13;1.598288;-77.131184;2.995412;0.002741;
NARIÑO;TUMACO;52835;INVIAS-OTROS;Tumaco-Pedregal;65;12;1.390962;-78.52431;2.699465;0.006945;
NARIÑO;TUMACO;52835;INVIAS-OTROS;Tumaco-Pedregal;61;10;1.401704;-78.567598;2.10757;0.035068;
NARIÑO;TUMACO;52835;INVIAS-OTROS;Tumaco-Pedregal;25;13;1.658525;-78.745214;2.995412;0.002741;
NARIÑO;TUMACO;52835;INVIAS-OTROS;Tumaco-Pedregal;19;11;1.700747;-78.768033;2.403517;0.016238;
NARIÑO;TUMACO;52835;INVIAS-OTROS;Tumaco-Pedregal;13;52;1.759821;-78.785521;14.537352;0;
NARIÑO;TUMACO;52835;INVIAS-OTROS;Tumaco-Pedregal;8;11;1.798587;-78.787178;6.329459;0;
NARIÑO;TUMACO;52835;INVIAS-OTROS;Tumaco-Pedregal;5;25;1.806879;-78.773299;6.329459;0;
NARIÑO;IPIALES;52356;INVIAS-OTROS;Ipiales - Aldana - Guachucal;2;4;0.828364;-77.65515;2.144165;0.03202;
NARIÑO;IPIALES;52356;INVIAS-OTROS;Ipiales - Aldana - Guachucal;24;15;0.829329;-77.639032;2.440202;0.014679;
NARIÑO;IPIALES;52356;ANI;Ipiales-Pedregal;0;21;0.833808;-77.601423;3.309362;0.000935;Rumichaca – Pasto
NARIÑO;IPIALES;52356;ANI;Puente Rumichaca-Ipiales;6;2;0.826163;-77.615641;3.258129;0.001121;Rumichaca – Pasto
NARIÑO;IPIALES;52356;ANI;Puente Rumichaca-Ipiales;3;8;0.821057;-77.639026;2.440202;0.014679;Rumichaca – Pasto
NARIÑO;IPIALES;52356;ANI;Puente Rumichaca-Ipiales;0;1;0.821702;-77.625752;2.868352;0.004126;Rumichaca – Pasto
NARIÑO;IPIALES;52356;ANI;Ipiales-Pedregal;10;5;0.844634;-77.588471;3.138462;0.001698;Rumichaca – Pasto
ARAUCA;TAME;81794;DEPTO;Yopal - Tame;sd;1;6.444969;-71.734549;2.143707;0.032056;
CÓRDOBA;MONTELÍBANO;23466;INVIAS-OTROS;Tierralta-Puerto Libertador-Montelíbano;sd;10;7.954895;-75.432629;2.10757;0.035068;
NORTE DE SANTANDER;TIBÚ;54810;INVIAS-OTROS;La Gloria- El Tarra-Campo Seis;sd;10;8.635917;-72.738802;2.980858;0.002874;
NORTE DE SANTANDER;TIBÚ;54810;DEPTO;La Gloria- El Tarra-Campo Seis;sd;10;8.637569;-72.728412;2.292183;0.021895;
SANTANDER;RIONEGRO;68615;DEPTO;San Alberto - Bucaramanga;14;15;7.251126;-73.149176;3.587306;0.000334;
TOLIMA;FLANDES;73275;ANI;Neiva-Girardot;50;23;4.209663;-74.852622;5.954884;0;IP  –  Neiva – Espinal - Girardot
ANTIOQUIA;APARTADÓ;5045;ANI;Chigorodó-Turbo;30;15;7.873917;-76.635127;3.587306;0.000334;Autopistas al Mar 2
CESAR;EL PASO;20250;ANI;Bosconia - Cienaga;62;12;9.780252;-73.748405;2.699465;0.006945;Ruta del Sol 3
ANTIOQUIA;TURBO;5837;ANI;Chigorodó-Turbo;16;25;8.005361;-76.640697;6.546778;0;Autopistas al Mar 2
MAGDALENA;ALGARROBO;47030;ANI;Bosconia - Cienaga;8;11;10.31016;-74.046928;2.403517;0.016238;Ruta del Sol 3
CÓRDOBA;COTORRA;23300;ANI;San Pelayo-Lorica;25;12;9.030229;-75.827469;2.699465;0.006945;IP – Antioquia – Bolívar
TOLIMA;COYAIMA;73217;ANI;Neiva-Girardot;97;19;3.728237;-75.078416;4.771095;0.0000020;IP  –  Neiva – Espinal - Girardot
