departamento;municipio;divipola;entidad;pr;icount;clasificacion;latitud;longitud
NARIÑO;SAPUYES;52720;INVIAS-OTROS;37;2;Muy Bajo;1.020441;-77.698917
NARIÑO;ILES;52352;ANI;36;2;Muy Bajo;0.997095;-77.474728
NARIÑO;PASTO;52001;ANI;79;4;Muy Bajo;1.163092;-77.286501
NARIÑO;PASTO;52001;INVIAS-OTROS;sd;2;Muy Bajo;1.168242;-77.255688
VALLE DEL CAUCA;BUENAVENTURA;76109;INVIAS-OTROS;20;2;Muy Bajo;3.879461;-76.922322
VALLE DEL CAUCA;BUENAVENTURA;76109;INVIAS-OTROS;26;2;Muy Bajo;3.870278;-76.87666
VALLE DEL CAUCA;BUENAVENTURA;76109;INVIAS-OTROS;45;7;Bajo;3.820753;-76.782572
VALLE DEL CAUCA;LA CUMBRE;76377;INVIAS-OTROS;83;4;Muy Bajo;3.845501;-76.579456
ANTIOQUIA;MUTATÁ;5480;ANI;24;2;Muy Bajo;7.492504;-76.566124
CAUCA;CALDONO;19137;ANI;55;2;Muy Bajo;2.883826;-76.551361
VALLE DEL CAUCA;RESTREPO;76606;INVIAS-OTROS;87;4;Muy Bajo;3.854613;-76.54604
CAUCA;SANTANDER DE QUILICHAO;19698;ANI;73;3;Muy Bajo;3.016749;-76.499233
CAUCA;SANTANDER DE QUILICHAO;19698;ANI;71;2;Muy Bajo;3.000641;-76.496945
VALLE DEL CAUCA;PALMIRA;76520;INVIAS-OTROS;sd;8;Bajo;3.552498;-76.47908
VALLE DEL CAUCA;PALMIRA;76520;INVIAS-OTROS;3;3;Muy Bajo;3.496313;-76.461411
CAUCA;VILLA RICA;19845;INVIAS-OTROS;sd;3;Muy Bajo;3.175478;-76.452656
VALLE DEL CAUCA;PALMIRA;76520;INVIAS-OTROS;5;2;Muy Bajo;3.500004;-76.446648
VALLE DEL CAUCA;PALMIRA;76520;INVIAS-OTROS;sd;4;Muy Bajo;3.559141;-76.445704
VALLE DEL CAUCA;PALMIRA;76520;INVIAS-OTROS;sd;8;Bajo;3.564077;-76.434174
VALLE DEL CAUCA;PALMIRA;76520;INVIAS-OTROS;sd;2;Muy Bajo;3.530302;-76.426392
VALLE DEL CAUCA;PALMIRA;76520;INVIAS-OTROS;sd;8;Bajo;3.551623;-76.419354
VALLE DEL CAUCA;PALMIRA;76520;INVIAS-OTROS;7;12;Bajo;3.50657;-76.417723
VALLE DEL CAUCA;PALMIRA;76520;INVIAS-OTROS;sd;2;Muy Bajo;3.587551;-76.403217
VALLE DEL CAUCA;PALMIRA;76520;INVIAS-OTROS;9;4;Muy Bajo;3.510647;-76.400643
VALLE DEL CAUCA;PALMIRA;76520;INVIAS-OTROS;sd;5;Muy Bajo;3.536031;-76.398626
VALLE DEL CAUCA;PALMIRA;76520;INVIAS-OTROS;sd;9;Bajo;3.522878;-76.392002
VALLE DEL CAUCA;PALMIRA;76520;INVIAS-OTROS;sd;2;Muy Bajo;3.641882;-76.382275
VALLE DEL CAUCA;PALMIRA;76520;INVIAS-OTROS;13;4;Muy Bajo;3.514981;-76.380387
VALLE DEL CAUCA;EL CERRITO;76248;INVIAS-OTROS;sd;7;Bajo;3.652625;-76.375694
VALLE DEL CAUCA;PALMIRA;76520;INVIAS-OTROS;13;2;Muy Bajo;3.518286;-76.366654
VALLE DEL CAUCA;EL CERRITO;76248;INVIAS-OTROS;sd;12;Bajo;3.666267;-76.366207
VALLE DEL CAUCA;EL CERRITO;76248;INVIAS-OTROS;sd;2;Muy Bajo;3.672781;-76.354122
VALLE DEL CAUCA;PALMIRA;76520;INVIAS-OTROS;sd;6;Muy Bajo;3.538857;-76.338101
VALLE DEL CAUCA;PALMIRA;76520;INVIAS-OTROS;sd;15;Medio;3.561634;-76.334581
VALLE DEL CAUCA;EL CERRITO;76248;INVIAS-OTROS;sd;10;Bajo;3.678103;-76.333952
VALLE DEL CAUCA;PALMIRA;76520;INVIAS-OTROS;sd;5;Muy Bajo;3.574419;-76.329609
VALLE DEL CAUCA;GUACARÍ;76318;INVIAS-OTROS;53;3;Muy Bajo;3.773546;-76.326542
VALLE DEL CAUCA;GUACARÍ;76318;INVIAS-OTROS;sd;3;Muy Bajo;3.758211;-76.326084
VALLE DEL CAUCA;GUACARÍ;76318;INVIAS-OTROS;49;12;Bajo;3.741389;-76.324282
VALLE DEL CAUCA;PALMIRA;76520;INVIAS-OTROS;sd;6;Muy Bajo;3.585606;-76.322594
VALLE DEL CAUCA;EL CERRITO;76248;INVIAS-OTROS;43;8;Bajo;3.698874;-76.322296
VALLE DEL CAUCA;GUACARÍ;76318;INVIAS-OTROS;55;4;Muy Bajo;3.78705;-76.319046
VALLE DEL CAUCA;PALMIRA;76520;INVIAS-OTROS;sd;13;Bajo;3.600062;-76.314285
VALLE DEL CAUCA;BUGA;76111;DEPTO;118;4;Muy Bajo;3.886886;-76.312409
VALLE DEL CAUCA;EL CERRITO;76248;INVIAS-OTROS;43;4;Muy Bajo;3.691178;-76.311608
VALLE DEL CAUCA;GUACARÍ;76318;INVIAS-OTROS;56;8;Bajo;3.79818;-76.310864
VALLE DEL CAUCA;BUGA;76111;INVIAS-OTROS;57;9;Bajo;3.812018;-76.30785
VALLE DEL CAUCA;EL CERRITO;76248;INVIAS-OTROS;sd;12;Bajo;3.616777;-76.306601
VALLE DEL CAUCA;BUGA;76111;DEPTO;68;6;Muy Bajo;3.909502;-76.306572
VALLE DEL CAUCA;BUGA;76111;INVIAS-OTROS;sd;20;Medio;3.86902;-76.303848
VALLE DEL CAUCA;BUGA;76111;INVIAS-OTROS;59;7;Bajo;3.826492;-76.302918
VALLE DEL CAUCA;EL CERRITO;76248;INVIAS-OTROS;sd;2;Muy Bajo;3.6763;-76.301079
VALLE DEL CAUCA;BUGA;76111;INVIAS-OTROS;61;12;Bajo;3.839293;-76.299992
VALLE DEL CAUCA;BUGA;76111;INVIAS-OTROS;61;11;Bajo;3.851211;-76.297781
VALLE DEL CAUCA;EL CERRITO;76248;INVIAS-OTROS;37;4;Muy Bajo;3.649092;-76.295843
VALLE DEL CAUCA;EL CERRITO;76248;INVIAS-OTROS;35;13;Bajo;3.629823;-76.295304
VALLE DEL CAUCA;EL CERRITO;76248;INVIAS-OTROS;39;9;Bajo;3.66271;-76.292477
VALLE DEL CAUCA;BUGA;76111;DEPTO;72;7;Bajo;3.935516;-76.281996
VALLE DEL CAUCA;PRADERA;76563;INVIAS-OTROS;62;2;Muy Bajo;3.359328;-76.264
VALLE DEL CAUCA;SAN PEDRO;76670;DEPTO;sd;4;Muy Bajo;3.964563;-76.260739
VALLE DEL CAUCA;SAN PEDRO;76670;DEPTO;79;2;Muy Bajo;3.976794;-76.246491
VALLE DEL CAUCA;SAN PEDRO;76670;DEPTO;80;10;Bajo;3.986922;-76.2378
VALLE DEL CAUCA;SAN PEDRO;76670;DEPTO;83;7;Bajo;4.005461;-76.225572
VALLE DEL CAUCA;SAN PEDRO;76670;DEPTO;84;5;Muy Bajo;4.018782;-76.218579
VALLE DEL CAUCA;SAN PEDRO;76670;DEPTO;86;10;Bajo;4.0343;-76.211678
VALLE DEL CAUCA;TULUÁ;76834;DEPTO;87;11;Bajo;4.043904;-76.207352
VALLE DEL CAUCA;TULUÁ;76834;DEPTO;90;6;Muy Bajo;4.058161;-76.19252
VALLE DEL CAUCA;ANDALUCÍA;76036;DEPTO;100;13;Bajo;4.14213;-76.180086
VALLE DEL CAUCA;TULUÁ;76834;DEPTO;92;15;Medio;4.071173;-76.178393
VALLE DEL CAUCA;TULUÁ;76834;DEPTO;97;5;Muy Bajo;4.123049;-76.177998
VALLE DEL CAUCA;ANDALUCÍA;76036;DEPTO;0;2;Muy Bajo;4.159785;-76.17611
VALLE DEL CAUCA;TULUÁ;76834;DEPTO;95;9;Bajo;4.104595;-76.175394
VALLE DEL CAUCA;TULUÁ;76834;DEPTO;93;7;Bajo;4.084548;-76.172701
VALLE DEL CAUCA;ANDALUCÍA;76036;DEPTO;2;10;Bajo;4.181128;-76.170502
VALLE DEL CAUCA;BUGALAGRANDE;76113;DEPTO;7;12;Bajo;4.224855;-76.142206
VALLE DEL CAUCA;BUGALAGRANDE;76113;DEPTO;9;4;Muy Bajo;4.23347;-76.132508
VALLE DEL CAUCA;BUGALAGRANDE;76113;DEPTO;11;6;Muy Bajo;4.244213;-76.124439
VALLE DEL CAUCA;ZARZAL;76895;DEPTO;14;8;Bajo;4.264176;-76.108475
VALLE DEL CAUCA;ZARZAL;76895;DEPTO;16;14;Bajo;4.276208;-76.09896
VALLE DEL CAUCA;ZARZAL;76895;DEPTO;18;13;Bajo;4.291308;-76.085959
VALLE DEL CAUCA;ZARZAL;76895;DEPTO;20;8;Bajo;4.30677;-76.074057
VALLE DEL CAUCA;ZARZAL;76895;DEPTO;28;48;Muy Alto;4.372459;-76.069744
VALLE DEL CAUCA;ZARZAL;76895;DEPTO;26;22;Medio;4.352708;-76.068962
VALLE DEL CAUCA;ZARZAL;76895;ANI;0;24;Medio;4.33636;-76.066521
VALLE DEL CAUCA;ZARZAL;76895;DEPTO;30;36;Alto;4.387085;-76.063866
VALLE DEL CAUCA;ZARZAL;76895;DEPTO;33;36;Alto;4.40598;-76.061621
VALLE DEL CAUCA;ZARZAL;76895;DEPTO;34;32;Alto;4.423302;-76.058538
VALLE DEL CAUCA;ZARZAL;76895;DEPTO;36;25;Medio;4.437601;-76.055184
VALLE DEL CAUCA;ZARZAL;76895;DEPTO;38;40;Alto;4.453308;-76.050536
VALLE DEL CAUCA;LA VICTORIA;76403;DEPTO;40;22;Medio;4.466744;-76.041826
VALLE DEL CAUCA;LA VICTORIA;76403;DEPTO;40;22;Medio;4.47547;-76.035332
VALLE DEL CAUCA;LA VICTORIA;76403;DEPTO;42;21;Medio;4.485065;-76.030122
VALLE DEL CAUCA;LA VICTORIA;76403;DEPTO;44;31;Alto;4.498256;-76.022054
VALLE DEL CAUCA;LA VICTORIA;76403;ANI;45;24;Medio;4.513348;-76.017273
VALLE DEL CAUCA;LA VICTORIA;76403;ANI;48;45;Muy Alto;4.530162;-76.0165
VALLE DEL CAUCA;LA VICTORIA;76403;ANI;50;37;Alto;4.546532;-76.00156
VALLE DEL CAUCA;OBANDO;76497;ANI;52;34;Alto;4.558958;-75.985394
VALLE DEL CAUCA;OBANDO;76497;ANI;54;10;Bajo;4.56803;-75.979042
VALLE DEL CAUCA;OBANDO;76497;ANI;56;23;Medio;4.585813;-75.970048
VALLE DEL CAUCA;OBANDO;76497;ANI;58;47;Muy Alto;4.603183;-75.959815
HUILA;TIMANÁ;41807;ANI;14;3;Muy Bajo;1.915426;-75.955181
VALLE DEL CAUCA;OBANDO;76497;ANI;61;30;Alto;4.61782;-75.94623
VALLE DEL CAUCA;OBANDO;76497;ANI;sd;19;Medio;4.626189;-75.935124
VALLE DEL CAUCA;OBANDO;76497;ANI;64;29;Alto;4.633553;-75.925799
VALLE DEL CAUCA;CARTAGO;76147;ANI;68;47;Muy Alto;4.668601;-75.925796
VALLE DEL CAUCA;CARTAGO;76147;ANI;70;22;Medio;4.686006;-75.924397
VALLE DEL CAUCA;CARTAGO;76147;ANI;66;51;Muy Alto;4.649518;-75.922127
VALLE DEL CAUCA;CARTAGO;76147;ANI;sd;7;Bajo;4.707041;-75.922075
VALLE DEL CAUCA;CARTAGO;76147;ANI;sd;22;Medio;4.720674;-75.91701
HUILA;TIMANÁ;41807;ANI;25;2;Muy Bajo;2.000284;-75.908661
VALLE DEL CAUCA;CARTAGO;76147;ANI;77;2;Muy Bajo;4.740687;-75.903168
HUILA;TIMANÁ;41807;ANI;28;2;Muy Bajo;2.006035;-75.892868
RISARALDA;PEREIRA;66001;INVIAS-OTROS;80;2;Muy Bajo;4.766522;-75.892353
HUILA;TIMANÁ;41807;ANI;30;8;Bajo;2.016356;-75.88274
RISARALDA;PEREIRA;66001;INVIAS-OTROS;83;17;Medio;4.777747;-75.876045
HUILA;TIMANÁ;41807;ANI;32;12;Bajo;2.026785;-75.873385
HUILA;LA PLATA;41396;INVIAS-OTROS;51;3;Muy Bajo;2.414103;-75.8634
RISARALDA;PEREIRA;66001;INVIAS-OTROS;6;4;Muy Bajo;4.841666;-75.859738
RISARALDA;PEREIRA;66001;INVIAS-OTROS;85;3;Muy Bajo;4.793902;-75.859223
HUILA;LA PLATA;41396;INVIAS-OTROS;56;3;Muy Bajo;2.437849;-75.849667
HUILA;PAICOL;41518;INVIAS-OTROS;58;5;Muy Bajo;2.454672;-75.837164
HUILA;SUAZA;41770;INVIAS-OTROS;22;10;Bajo;1.847069;-75.823946
HUILA;SUAZA;41770;INVIAS-OTROS;19;4;Muy Bajo;1.875115;-75.823403
CÓRDOBA;LORICA;23417;ANI;3;11;Bajo;9.268427;-75.822027
HUILA;SUAZA;41770;INVIAS-OTROS;24;7;Bajo;1.833184;-75.820501
HUILA;PAICOL;41518;INVIAS-OTROS;62;3;Muy Bajo;2.479449;-75.816822
HUILA;ALTAMIRA;41026;ANI;42;8;Bajo;2.066607;-75.813364
CÓRDOBA;LORICA;23417;ANI;6;4;Muy Bajo;9.283791;-75.812273
HUILA;SUAZA;41770;INVIAS-OTROS;16;4;Muy Bajo;1.894498;-75.811672
HUILA;SUAZA;41770;INVIAS-OTROS;14;3;Muy Bajo;1.914282;-75.804348
HUILA;SUAZA;41770;INVIAS-OTROS;10;6;Muy Bajo;1.948486;-75.801544
CÓRDOBA;SAN ANTERO;23672;ANI;10;7;Bajo;9.317079;-75.799785
HUILA;SUAZA;41770;INVIAS-OTROS;8;3;Muy Bajo;1.962977;-75.799313
HUILA;SUAZA;41770;INVIAS-OTROS;11;10;Bajo;1.933216;-75.797012
CÓRDOBA;SAN ANTERO;23672;ANI;12;7;Bajo;9.330765;-75.793525
HUILA;SUAZA;41770;INVIAS-OTROS;5;7;Bajo;1.987689;-75.793004
CÓRDOBA;SAN ANTERO;23672;ANI;14;13;Bajo;9.343269;-75.789914
HUILA;ALTAMIRA;41026;INVIAS-OTROS;3;4;Muy Bajo;2.003932;-75.787211
HUILA;ALTAMIRA;41026;ANI;46;7;Bajo;2.078382;-75.782696
CÓRDOBA;SAN ANTERO;23672;ANI;16;6;Muy Bajo;9.357605;-75.77837
CÓRDOBA;SAN ANTERO;23672;ANI;18;8;Bajo;9.366374;-75.766497
HUILA;PAICOL;41518;INVIAS-OTROS;70;2;Muy Bajo;2.455444;-75.764294
HUILA;ALTAMIRA;41026;ANI;50;4;Muy Bajo;2.090321;-75.76292
HUILA;ALTAMIRA;41026;ANI;52;3;Muy Bajo;2.104182;-75.751419
HUILA;TESALIA;41797;INVIAS-OTROS;72;2;Muy Bajo;2.462225;-75.745411
CÓRDOBA;SAN ANTERO;23672;ANI;22;12;Bajo;9.382968;-75.739289
HUILA;ALTAMIRA;41026;ANI;54;12;Bajo;2.118203;-75.738569
HUILA;TESALIA;41797;INVIAS-OTROS;74;3;Muy Bajo;2.459536;-75.729046
CÓRDOBA;MONTERÍA;23001;ANI;27;2;Muy Bajo;8.588476;-75.7267
HUILA;ALTAMIRA;41026;ANI;58;7;Bajo;2.129605;-75.724503
CÓRDOBA;SAN ANTERO;23672;ANI;24;12;Bajo;9.395748;-75.723983
RISARALDA;PEREIRA;66001;INVIAS-OTROS;7;2;Muy Bajo;4.822827;-75.716057
CÓRDOBA;SAN ANTERO;23672;ANI;26;2;Muy Bajo;9.403696;-75.713139
HUILA;ALTAMIRA;41026;ANI;60;4;Muy Bajo;2.137041;-75.71188
HUILA;TESALIA;41797;INVIAS-OTROS;76;3;Muy Bajo;2.462783;-75.710135
HUILA;ALTAMIRA;41026;ANI;62;2;Muy Bajo;2.146883;-75.695286
CAQUETÁ;FLORENCIA;18001;INVIAS-OTROS;61;2;Muy Bajo;1.711378;-75.691338
HUILA;GARZÓN;41298;ANI;62;5;Muy Bajo;2.15732;-75.683888
HUILA;TESALIA;41797;INVIAS-OTROS;80;5;Muy Bajo;2.462568;-75.677004
HUILA;GARZÓN;41298;ANI;64;2;Muy Bajo;2.167654;-75.675717
CÓRDOBA;CIÉNAGA DE ORO;23189;ANI;14;2;Muy Bajo;8.878756;-75.665932
CALDAS;FILADELFIA;17272;ANI;39;2;Muy Bajo;5.276528;-75.661812
CALDAS;NEIRA;17486;ANI;11;4;Muy Bajo;5.167608;-75.658465
HUILA;TESALIA;41797;INVIAS-OTROS;84;6;Muy Bajo;2.457476;-75.654774
SUCRE;COVEÑAS;70221;ANI;32;3;Muy Bajo;9.411192;-75.653973
CALDAS;NEIRA;17486;ANI;35;2;Muy Bajo;5.246573;-75.652542
CAQUETÁ;FLORENCIA;18001;INVIAS-OTROS;67;2;Muy Bajo;1.738844;-75.652199
CALDAS;NEIRA;17486;ANI;15;3;Muy Bajo;5.19742;-75.643902
HUILA;TESALIA;41797;INVIAS-OTROS;84;5;Muy Bajo;2.450861;-75.643513
CALDAS;RIOSUCIO;17614;ANI;45;4;Muy Bajo;5.307212;-75.642414
CALDAS;RIOSUCIO;17614;ANI;47;5;Muy Bajo;5.319429;-75.636807
CALDAS;FILADELFIA;17272;ANI;50;3;Muy Bajo;5.335779;-75.635548
RISARALDA;SANTA ROSA DE CABAL;66682;ANI;10;3;Muy Bajo;4.868632;-75.633373
HUILA;TESALIA;41797;INVIAS-OTROS;86;4;Muy Bajo;2.441569;-75.630684
CALDAS;RIOSUCIO;17614;ANI;51;3;Muy Bajo;5.346823;-75.621815
CALDAS;CHINCHINÁ;17174;ANI;24;3;Muy Bajo;4.966307;-75.619297
HUILA;TESALIA;41797;INVIAS-OTROS;88;8;Bajo;2.436626;-75.614004
SUCRE;TOLÚ;70820;ANI;42;2;Muy Bajo;9.472447;-75.603275
SUCRE;TOLÚ;70820;ANI;44;7;Bajo;9.486045;-75.596458
HUILA;TESALIA;41797;INVIAS-OTROS;92;6;Muy Bajo;2.457705;-75.593376
CALDAS;MANIZALES;17001;ANI;0;13;Bajo;5.016199;-75.592968
SUCRE;TOLÚ;70820;ANI;46;8;Bajo;9.503031;-75.585995
HUILA;TESALIA;41797;INVIAS-OTROS;94;5;Muy Bajo;2.463358;-75.580891
HUILA;TESALIA;41797;INVIAS-OTROS;96;10;Bajo;2.463899;-75.567827
HUILA;GIGANTE;41306;ANI;24;2;Muy Bajo;2.358198;-75.566883
HUILA;GIGANTE;41306;INVIAS-OTROS;97;6;Muy Bajo;2.467003;-75.557614
HUILA;GIGANTE;41306;ANI;46;6;Muy Bajo;2.481337;-75.554066
SUCRE;TOLÚ;70820;ANI;52;4;Muy Bajo;9.508753;-75.546799
HUILA;GIGANTE;41306;ANI;50;5;Muy Bajo;2.507132;-75.534611
SUCRE;TOLÚ;70820;ANI;54;12;Bajo;9.500052;-75.531092
SUCRE;TOLÚ;70820;ANI;56;8;Bajo;9.489012;-75.514469
HUILA;HOBO;41349;ANI;54;4;Muy Bajo;2.542949;-75.501738
SUCRE;TOLUVIEJO;70823;ANI;60;9;Bajo;9.475708;-75.497532
SUCRE;SAN ONOFRE;70713;ANI;100;4;Muy Bajo;9.712386;-75.494099
CÓRDOBA;SAHAGÚN;23660;INVIAS-OTROS;44;2;Muy Bajo;8.741427;-75.491867
HUILA;HOBO;41349;ANI;58;5;Muy Bajo;2.557855;-75.490408
SUCRE;TOLUVIEJO;70823;ANI;62;6;Muy Bajo;9.464779;-75.482941
BOLÍVAR;TURBANA;13838;ANI;25;8;Bajo;10.299583;-75.480423
BOLÍVAR;CARTAGENA DE INDIAS;13001;ANI;23;5;Muy Bajo;10.282397;-75.476383
SUCRE;SAN ONOFRE;70713;ANI;8;2;Muy Bajo;9.801521;-75.475903
BOLÍVAR;CARTAGENA DE INDIAS;13001;ANI;8;3;Muy Bajo;10.510168;-75.47144
BOLÍVAR;TURBANA;13838;ANI;21;2;Muy Bajo;10.269814;-75.47041
BOLÍVAR;CARTAGENA DE INDIAS;13001;ANI;10;7;Bajo;10.524155;-75.465358
SUCRE;TOLUVIEJO;70823;ANI;64;2;Muy Bajo;9.459572;-75.46526
BOLÍVAR;TURBACO;13836;ANI;3;3;Muy Bajo;10.361738;-75.464573
CÓRDOBA;SAHAGÚN;23660;ANI;60;3;Muy Bajo;8.86322;-75.464573
CÓRDOBA;SAHAGÚN;23660;ANI;62;2;Muy Bajo;8.882618;-75.462341
BOLÍVAR;CARTAGENA DE INDIAS;13001;ANI;12;2;Muy Bajo;10.536318;-75.460797
HUILA;HOBO;41349;ANI;62;8;Bajo;2.572237;-75.460327
BOLÍVAR;CARTAGENA DE INDIAS;13001;ANI;14;18;Medio;10.550637;-75.457206
BOLÍVAR;TURBANA;13838;ANI;19;3;Muy Bajo;10.255938;-75.454846
BOLÍVAR;CARTAGENA DE INDIAS;13001;ANI;14;23;Medio;10.564838;-75.45286
SUCRE;TOLUVIEJO;70823;ANI;66;2;Muy Bajo;9.453907;-75.452042
BOLÍVAR;CARTAGENA DE INDIAS;13001;ANI;16;23;Medio;10.58286;-75.4494
BOLÍVAR;CARTAGENA DE INDIAS;13001;ANI;20;45;Muy Alto;10.617774;-75.448944
BOLÍVAR;CARTAGENA DE INDIAS;13001;ANI;18;23;Medio;10.599026;-75.446006
CÓRDOBA;BUENAVISTA;23079;ANI;34;2;Muy Bajo;8.168164;-75.444145
BOLÍVAR;CARTAGENA DE INDIAS;13001;ANI;22;20;Medio;10.625698;-75.436343
BOLÍVAR;TURBANA;13838;ANI;16;4;Muy Bajo;10.238013;-75.435047
CÓRDOBA;BUENAVISTA;23079;ANI;32;2;Muy Bajo;8.157177;-75.429554
BOLÍVAR;CARTAGENA DE INDIAS;13001;ANI;3;2;Muy Bajo;10.42285;-75.428868
HUILA;HOBO;41349;ANI;68;8;Bajo;2.591229;-75.426893
BOLÍVAR;CARTAGENA DE INDIAS;13001;ANI;24;30;Alto;10.631982;-75.423291
SUCRE;SAN ONOFRE;70713;ANI;18;2;Muy Bajo;9.837742;-75.420456
BOLÍVAR;CARTAGENA DE INDIAS;13001;ANI;4;12;Bajo;10.435113;-75.418511
SUCRE;SINCELEJO;70001;ANI;110;2;Muy Bajo;9.234267;-75.41565
BOLÍVAR;SANTA ROSA;13683;ANI;7;14;Bajo;10.453007;-75.412915
BOLÍVAR;SANTA ROSA;13683;ANI;7;16;Medio;10.466408;-75.411723
BOLÍVAR;CARTAGENA DE INDIAS;13001;ANI;9;14;Bajo;10.478768;-75.41137
HUILA;CAMPOALEGRE;41132;ANI;70;5;Muy Bajo;2.602744;-75.410757
CÓRDOBA;BUENAVISTA;23079;ANI;28;2;Muy Bajo;8.132458;-75.40947
BOLÍVAR;CARTAGENA DE INDIAS;13001;ANI;26;31;Alto;10.640646;-75.407489
BOLÍVAR;CARTAGENA DE INDIAS;13001;ANI;11;31;Alto;10.497902;-75.407261
BOLÍVAR;TURBANA;13838;ANI;12;3;Muy Bajo;10.219546;-75.404034
BOLÍVAR;CARTAGENA DE INDIAS;13001;ANI;14;18;Medio;10.516551;-75.401676
SUCRE;SAMPUÉS;70670;ANI;106;2;Muy Bajo;9.204398;-75.399342
BOLÍVAR;TURBACO;13836;ANI;88;7;Bajo;10.31456;-75.399027
HUILA;CAMPOALEGRE;41132;ANI;72;7;Bajo;2.612636;-75.39392
BOLÍVAR;CARTAGENA DE INDIAS;13001;ANI;28;34;Alto;10.654553;-75.391974
BOLÍVAR;TURBACO;13836;ANI;86;13;Bajo;10.298647;-75.388556
TOLIMA;CHAPARRAL;73168;INVIAS-OTROS;11;3;Muy Bajo;3.738012;-75.388441
BOLÍVAR;ARJONA;13052;ANI;10;3;Muy Bajo;10.209246;-75.386982
BOLÍVAR;MARÍA LA BAJA;13442;ANI;26;6;Muy Bajo;9.894219;-75.382176
HUILA;CAMPOALEGRE;41132;ANI;74;7;Bajo;2.623261;-75.379549
BOLÍVAR;ARJONA;13052;ANI;84;12;Bajo;10.289197;-75.379515
BOLÍVAR;CARTAGENA DE INDIAS;13001;ANI;30;17;Medio;10.654583;-75.379247
BOLÍVAR;ARJONA;13052;ANI;84;11;Bajo;10.278887;-75.370195
BOLÍVAR;ARJONA;13052;ANI;8;4;Muy Bajo;10.198803;-75.369587
BOLÍVAR;CARTAGENA DE INDIAS;13001;ANI;32;33;Alto;10.657695;-75.365694
HUILA;CAMPOALEGRE;41132;ANI;76;2;Muy Bajo;2.621012;-75.365524
TOLIMA;CHAPARRAL;73168;INVIAS-OTROS;17;2;Muy Bajo;3.757239;-75.361233
BOLÍVAR;ARJONA;13052;ANI;82;9;Bajo;10.270434;-75.357914
TOLIMA;CHAPARRAL;73168;INVIAS-OTROS;19;5;Muy Bajo;3.77128;-75.356632
BOLÍVAR;ARJONA;13052;ANI;6;6;Muy Bajo;10.194798;-75.354252
HUILA;CAMPOALEGRE;41132;ANI;78;6;Muy Bajo;2.619913;-75.350865
BOLÍVAR;CARTAGENA DE INDIAS;13001;ANI;34;42;Alto;10.661194;-75.347091
SUCRE;COROZAL;70215;ANI;2;7;Bajo;9.305377;-75.346771
HUILA;CAMPOALEGRE;41132;ANI;80;3;Muy Bajo;2.636748;-75.344181
BOLÍVAR;ARJONA;13052;ANI;78;13;Bajo;10.240545;-75.342958
BOLÍVAR;ARJONA;13052;ANI;4;5;Muy Bajo;10.19406;-75.340153
TOLIMA;CHAPARRAL;73168;INVIAS-OTROS;21;5;Muy Bajo;3.786185;-75.338016
HUILA;CAMPOALEGRE;41132;ANI;84;6;Muy Bajo;2.659693;-75.337487
BOLÍVAR;ARJONA;13052;ANI;76;9;Bajo;10.228315;-75.336376
BOLÍVAR;CARTAGENA DE INDIAS;13001;ANI;36;29;Alto;10.672158;-75.333986
HUILA;CAMPOALEGRE;41132;ANI;84;5;Muy Bajo;2.673506;-75.332806
BOLÍVAR;ARJONA;13052;ANI;74;10;Bajo;10.215929;-75.328377
BOLÍVAR;ARJONA;13052;ANI;2;3;Muy Bajo;10.194883;-75.325756
BOLÍVAR;CARTAGENA DE INDIAS;13001;ANI;36;25;Medio;10.67592;-75.323713
TOLIMA;CHAPARRAL;73168;INVIAS-OTROS;25;2;Muy Bajo;3.805046;-75.323467
BOLÍVAR;MARÍA LA BAJA;13442;ANI;34;5;Muy Bajo;9.926319;-75.322924
TOLIMA;ORTEGA;73504;INVIAS-OTROS;29;2;Muy Bajo;3.823929;-75.320721
BOLÍVAR;ARJONA;13052;ANI;72;12;Bajo;10.205602;-75.319262
BOLÍVAR;CLEMENCIA;13222;ANI;27;3;Muy Bajo;10.581608;-75.312424
BOLÍVAR;MARÍA LA BAJA;13442;ANI;34;2;Muy Bajo;9.935589;-75.311966
BOLÍVAR;ARJONA;13052;ANI;0;7;Bajo;10.192065;-75.309963
BOLÍVAR;CARTAGENA DE INDIAS;13001;ANI;38;24;Medio;10.683975;-75.309878
HUILA;RIVERA;41615;ANI;96;4;Muy Bajo;2.754221;-75.308705
HUILA;NEIVA;41001;ANI;9;4;Muy Bajo;3.023072;-75.307446
HUILA;NEIVA;41001;ANI;13;4;Muy Bajo;3.05337;-75.306587
HUILA;NEIVA;41001;ANI;7;2;Muy Bajo;3.005534;-75.306473
HUILA;NEIVA;41001;ANI;11;4;Muy Bajo;3.038192;-75.305872
TOLIMA;ORTEGA;73504;INVIAS-OTROS;31;9;Bajo;3.83544;-75.305729
HUILA;NEIVA;41001;ANI;5;3;Muy Bajo;2.9914;-75.3055
HUILA;RIVERA;41615;ANI;98;3;Muy Bajo;2.773104;-75.304585
HUILA;AIPE;41016;ANI;15;6;Muy Bajo;3.07025;-75.298705
BOLÍVAR;CARTAGENA DE INDIAS;13001;ANI;40;19;Medio;10.691989;-75.29714
BOLÍVAR;SANTA CATALINA;13673;ANI;29;2;Muy Bajo;10.593224;-75.296345
BOLÍVAR;ARJONA;13052;ANI;68;3;Muy Bajo;10.175715;-75.294171
HUILA;AIPE;41016;ANI;17;3;Muy Bajo;3.090048;-75.291996
HUILA;RIVERA;41615;ANI;104;3;Muy Bajo;2.834087;-75.291023
BOLÍVAR;ARJONA;13052;ANI;66;4;Muy Bajo;10.153771;-75.289307
TOLIMA;ORTEGA;73504;INVIAS-OTROS;35;5;Muy Bajo;3.852232;-75.289135
HUILA;AIPE;41016;ANI;19;7;Bajo;3.107407;-75.287361
BOLÍVAR;SANTA CATALINA;13673;ANI;42;45;Muy Alto;10.70012;-75.284792
HUILA;AIPE;41016;ANI;21;7;Bajo;3.129031;-75.281631
HUILA;AIPE;41016;ANI;23;4;Muy Bajo;3.145309;-75.280295
BOLÍVAR;SANTA CATALINA;13673;ANI;33;2;Muy Bajo;10.613394;-75.27935
HUILA;AIPE;41016;ANI;25;8;Bajo;3.165629;-75.277291
SUCRE;MORROA;70473;ANI;15;2;Muy Bajo;9.364987;-75.276089
BOLÍVAR;SANTA CATALINA;13673;ANI;44;40;Alto;10.713899;-75.273512
HUILA;AIPE;41016;ANI;27;4;Muy Bajo;3.187366;-75.269222
BOLÍVAR;SANTA CATALINA;13673;ANI;46;18;Medio;10.725961;-75.267554
BOLÍVAR;MARÍA LA BAJA;13442;ANI;44;2;Muy Bajo;10.002623;-75.263901
BOLÍVAR;SANTA CATALINA;13673;ANI;34;4;Muy Bajo;10.619659;-75.261841
HUILA;AIPE;41016;ANI;29;7;Bajo;3.203638;-75.260453
BOLÍVAR;MARÍA LA BAJA;13442;ANI;46;3;Muy Bajo;10.025239;-75.260296
BOLÍVAR;SANTA CATALINA;13673;ANI;48;11;Bajo;10.739409;-75.259422
TOLIMA;ORTEGA;73504;INVIAS-OTROS;39;4;Muy Bajo;3.87959;-75.259094
BOLÍVAR;MARÍA LA BAJA;13442;ANI;50;3;Muy Bajo;10.046139;-75.257464
BOLÍVAR;SANTA CATALINA;13673;ANI;48;21;Medio;10.747181;-75.251335
HUILA;AIPE;41016;ANI;38;5;Muy Bajo;3.269563;-75.250197
BOLÍVAR;MAHATES;13433;INVIAS-OTROS;54;5;Muy Bajo;10.083919;-75.24642
SUCRE;LOS PALMITOS;70418;ANI;24;2;Muy Bajo;9.421807;-75.245705
HUILA;AIPE;41016;ANI;42;3;Muy Bajo;3.291407;-75.24519
BOLÍVAR;MAHATES;13433;INVIAS-OTROS;56;5;Muy Bajo;10.101362;-75.24519
HUILA;AIPE;41016;ANI;34;9;Bajo;3.237637;-75.244229
TOLIMA;ORTEGA;73504;INVIAS-OTROS;41;5;Muy Bajo;3.891149;-75.243759
BOLÍVAR;SANTA CATALINA;13673;ANI;50;30;Alto;10.760132;-75.241822
HUILA;AIPE;41016;ANI;44;3;Muy Bajo;3.309546;-75.240841
TOLIMA;ORTEGA;73504;INVIAS-OTROS;43;7;Bajo;3.905039;-75.23489
BOLÍVAR;MAHATES;13433;ANI;24;5;Muy Bajo;10.13415;-75.234547
SUCRE;LOS PALMITOS;70418;ANI;0;2;Muy Bajo;9.44026;-75.231972
HUILA;AIPE;41016;ANI;44;3;Muy Bajo;3.321791;-75.231686
BOLÍVAR;SANTA CATALINA;13673;ANI;38;5;Muy Bajo;10.62448;-75.231485
BOLÍVAR;SANTA CATALINA;13673;ANI;52;23;Medio;10.767813;-75.228803
TOLIMA;ORTEGA;73504;INVIAS-OTROS;45;5;Muy Bajo;3.919802;-75.226221
HUILA;AIPE;41016;ANI;48;7;Bajo;3.348807;-75.220863
BOLÍVAR;MAHATES;13433;ANI;22;2;Muy Bajo;10.138579;-75.215836
SUCRE;OVEJAS;70508;ANI;42;2;Muy Bajo;9.552698;-75.213604
TOLIMA;ORTEGA;73504;INVIAS-OTROS;1;2;Muy Bajo;3.921604;-75.213432
ATLÁNTICO;PIOJÓ;8549;ANI;54;33;Alto;10.773333;-75.208624
HUILA;AIPE;41016;ANI;53;2;Muy Bajo;3.382159;-75.204163
HUILA;AIPE;41016;ANI;56;2;Muy Bajo;3.401041;-75.203304
BOLÍVAR;MAHATES;13433;ANI;20;7;Bajo;10.137584;-75.199199
TOLIMA;ORTEGA;73504;INVIAS-OTROS;3;2;Muy Bajo;3.914738;-75.197811
ATLÁNTICO;PIOJÓ;8549;ANI;56;30;Alto;10.782528;-75.192082
ATLÁNTICO;PIOJÓ;8549;ANI;58;14;Bajo;10.792658;-75.186065
BOLÍVAR;MAHATES;13433;ANI;18;3;Muy Bajo;10.135374;-75.184193
TOLIMA;NATAGAIMA;73483;ANI;60;6;Muy Bajo;3.427842;-75.18322
ATLÁNTICO;PIOJÓ;8549;ANI;58;31;Alto;10.801707;-75.180166
TOLIMA;NATAGAIMA;73483;ANI;60;5;Muy Bajo;3.439871;-75.173779
BOLÍVAR;MAHATES;13433;ANI;17;7;Bajo;10.132442;-75.17149
ATLÁNTICO;JUAN DE ACOSTA;8372;ANI;60;21;Medio;10.808336;-75.171457
TOLIMA;ORTEGA;73504;INVIAS-OTROS;10;7;Bajo;3.935998;-75.166037
TOLIMA;NATAGAIMA;73483;ANI;62;6;Muy Bajo;3.45254;-75.163994
ATLÁNTICO;JUAN DE ACOSTA;8372;ANI;62;34;Alto;10.821104;-75.161235
BOLÍVAR;MAHATES;13433;ANI;14;10;Bajo;10.110945;-75.161223
TOLIMA;NATAGAIMA;73483;ANI;64;6;Muy Bajo;3.466702;-75.152493
BOLÍVAR;MAHATES;13433;ANI;12;6;Muy Bajo;10.095635;-75.152435
TOLIMA;NATAGAIMA;73483;ANI;66;4;Muy Bajo;3.480177;-75.151463
TOLIMA;ORTEGA;73504;INVIAS-OTROS;12;5;Muy Bajo;3.94665;-75.148853
ATLÁNTICO;JUAN DE ACOSTA;8372;ANI;64;24;Medio;10.829066;-75.147301
BOLÍVAR;EL CARMEN DE BOLÍVAR;13244;ANI;56;2;Muy Bajo;9.645138;-75.143223
TOLIMA;NATAGAIMA;73483;ANI;70;5;Muy Bajo;3.500934;-75.139361
ATLÁNTICO;JUAN DE ACOSTA;8372;ANI;66;19;Medio;10.841508;-75.138559
TOLIMA;ORTEGA;73504;INVIAS-OTROS;14;5;Muy Bajo;3.958619;-75.137816
BOLÍVAR;EL CARMEN DE BOLÍVAR;13244;ANI;58;4;Muy Bajo;9.656782;-75.135727
TOLIMA;NATAGAIMA;73483;ANI;72;7;Bajo;3.520861;-75.128852
ATLÁNTICO;JUAN DE ACOSTA;8372;ANI;68;31;Alto;10.852084;-75.127822
TOLIMA;NATAGAIMA;73483;ANI;78;5;Muy Bajo;3.57775;-75.126125
TOLIMA;NATAGAIMA;73483;ANI;76;4;Muy Bajo;3.559785;-75.125799
TOLIMA;NATAGAIMA;73483;ANI;74;7;Bajo;3.54553;-75.125671
TOLIMA;ORTEGA;73504;INVIAS-OTROS;16;11;Bajo;3.968909;-75.124603
BOLÍVAR;SAN JACINTO;13654;ANI;74;2;Muy Bajo;9.784699;-75.123482
BOLÍVAR;SAN JUAN NEPOMUCENO;13657;ANI;7;8;Bajo;10.073605;-75.123379
BOLÍVAR;EL CARMEN DE BOLÍVAR;13244;ANI;62;2;Muy Bajo;9.688225;-75.120735
TOLIMA;NATAGAIMA;73483;ANI;80;4;Muy Bajo;3.588925;-75.117216
ATLÁNTICO;JUAN DE ACOSTA;8372;ANI;70;30;Alto;10.859893;-75.115586
BOLÍVAR;SAN JACINTO;13654;ANI;84;2;Muy Bajo;9.865122;-75.113697
BOLÍVAR;SAN JACINTO;13654;ANI;86;6;Muy Bajo;9.879971;-75.112496
TOLIMA;NATAGAIMA;73483;ANI;82;7;Bajo;3.598867;-75.109749
TOLIMA;ORTEGA;73504;INVIAS-OTROS;18;8;Bajo;3.968876;-75.10726
TOLIMA;IBAGUÉ;73001;ANI;5;6;Muy Bajo;4.4454;-75.107231
ATLÁNTICO;JUAN DE ACOSTA;8372;ANI;70;11;Bajo;10.862662;-75.103897
BOLÍVAR;SAN JUAN NEPOMUCENO;13657;ANI;90;2;Muy Bajo;9.912415;-75.103226
TOLIMA;NATAGAIMA;73483;ANI;82;4;Muy Bajo;3.610854;-75.102711
BOLÍVAR;SAN JUAN NEPOMUCENO;13657;ANI;92;8;Bajo;9.926417;-75.09977
TOLIMA;NATAGAIMA;73483;ANI;84;7;Bajo;3.627091;-75.099163
BOLÍVAR;SAN JUAN NEPOMUCENO;13657;ANI;3;3;Muy Bajo;10.067568;-75.099049
ATLÁNTICO;JUAN DE ACOSTA;8372;ANI;72;14;Bajo;10.867805;-75.092231
TOLIMA;IBAGUÉ;73001;ANI;6;5;Muy Bajo;4.448977;-75.091639
TOLIMA;NATAGAIMA;73483;ANI;88;4;Muy Bajo;3.657589;-75.08852
TOLIMA;SAN LUIS;73678;INVIAS-OTROS;21;6;Muy Bajo;3.97542;-75.087004
TOLIMA;COYAIMA;73217;ANI;92;7;Bajo;3.682283;-75.085081
TOLIMA;COYAIMA;73217;ANI;95;4;Muy Bajo;3.71059;-75.081167
BOLÍVAR;SAN JUAN NEPOMUCENO;13657;ANI;104;8;Bajo;10.036841;-75.080824
BOLÍVAR;SAN JUAN NEPOMUCENO;13657;ANI;102;10;Bajo;10.021033;-75.080052
BOLÍVAR;SAN JUAN NEPOMUCENO;13657;ANI;98;9;Bajo;9.978547;-75.079022
BOLÍVAR;SAN JUAN NEPOMUCENO;13657;ANI;106;20;Medio;10.055295;-75.078632
ATLÁNTICO;LURUACO;8421;ANI;60;9;Bajo;10.646645;-75.078094
ATLÁNTICO;JUAN DE ACOSTA;8372;ANI;74;11;Bajo;10.877409;-75.07796
BOLÍVAR;SAN JUAN NEPOMUCENO;13657;ANI;100;11;Bajo;10.003077;-75.077697
TOLIMA;COYAIMA;73217;ANI;99;2;Muy Bajo;3.755522;-75.074902
TOLIMA;IBAGUÉ;73001;ANI;8;11;Bajo;4.450223;-75.07321
BOLÍVAR;SAN JUAN NEPOMUCENO;13657;ANI;0;11;Bajo;10.072713;-75.072851
TOLIMA;COYAIMA;73217;ANI;102;5;Muy Bajo;3.77001;-75.072636
TOLIMA;COYAIMA;73217;ANI;104;2;Muy Bajo;3.800497;-75.06855
TOLIMA;SAN LUIS;73678;INVIAS-OTROS;23;5;Muy Bajo;3.984175;-75.06835
BOLÍVAR;SAN JUAN NEPOMUCENO;13657;ANI;111;7;Bajo;10.082666;-75.066515
ATLÁNTICO;TUBARÁ;8832;ANI;76;16;Medio;10.886107;-75.064276
ATLÁNTICO;LURUACO;8421;ANI;62;6;Muy Bajo;10.651932;-75.062714
BOLÍVAR;SAN JUAN NEPOMUCENO;13657;ANI;112;18;Medio;10.094146;-75.062553
TOLIMA;SALDAÑA;73671;ANI;2;3;Muy Bajo;3.83852;-75.059967
TOLIMA;IBAGUÉ;73001;ANI;11;13;Bajo;4.452097;-75.054487
BOLÍVAR;SAN JUAN NEPOMUCENO;13657;ANI;114;20;Medio;10.110192;-75.054223
TOLIMA;SALDAÑA;73671;ANI;4;3;Muy Bajo;3.854342;-75.05373
TOLIMA;SALDAÑA;73671;INVIAS-OTROS;26;8;Bajo;3.992858;-75.050812
TOLIMA;SALDAÑA;73671;ANI;6;3;Muy Bajo;3.86859;-75.048237
BOLÍVAR;CALAMAR;13140;ANI;116;15;Medio;10.127326;-75.045668
TOLIMA;ALVARADO;73026;ANI;11;22;Medio;4.457965;-75.042702
ATLÁNTICO;TUBARÁ;8832;ANI;78;15;Medio;10.89463;-75.041494
TOLIMA;SALDAÑA;73671;ANI;8;7;Bajo;3.887544;-75.040927
BOLÍVAR;CALAMAR;13140;ANI;118;15;Medio;10.142335;-75.036648
TOLIMA;SALDAÑA;73671;ANI;9;4;Muy Bajo;3.902636;-75.035076
TOLIMA;SALDAÑA;73671;INVIAS-OTROS;28;10;Bajo;4.0025;-75.033889
TOLIMA;SALDAÑA;73671;ANI;11;4;Muy Bajo;3.915124;-75.030184
ATLÁNTICO;SABANALARGA;8638;ANI;66;2;Muy Bajo;10.654678;-75.028381
ATLÁNTICO;TUBARÁ;8832;ANI;80;23;Medio;10.91001;-75.028374
TOLIMA;ALVARADO;73026;ANI;13;22;Medio;4.468108;-75.02748
BOLÍVAR;CALAMAR;13140;ANI;120;9;Bajo;10.160284;-75.026989
ATLÁNTICO;TUBARÁ;8832;ANI;82;7;Bajo;10.922188;-75.021343
ATLÁNTICO;TUBARÁ;8832;ANI;84;26;Medio;10.938463;-75.020135
BOLÍVAR;CALAMAR;13140;ANI;122;23;Medio;10.173086;-75.017125
TOLIMA;ALVARADO;73026;ANI;15;16;Medio;4.478699;-75.016344
TOLIMA;GUAMO;73319;INVIAS-OTROS;30;11;Bajo;4.010359;-75.014581
ATLÁNTICO;TUBARÁ;8832;ANI;86;18;Medio;10.944529;-75.007115
TOLIMA;SALDAÑA;73671;ANI;16;3;Muy Bajo;3.95339;-75.005665
TOLIMA;ALVARADO;73026;ANI;17;18;Medio;4.49446;-75.005579
BOLÍVAR;CALAMAR;13140;ANI;124;11;Bajo;10.184265;-75.003252
ATLÁNTICO;TUBARÁ;8832;ANI;88;63;Muy Alto;10.958506;-75.001719
TOLIMA;COELLO;73200;ANI;18;2;Muy Bajo;4.26733;-75.000229
ATLÁNTICO;SABANALARGA;8638;ANI;68;4;Muy Bajo;10.655365;-75.000229
TOLIMA;GUAMO;73319;INVIAS-OTROS;32;5;Muy Bajo;4.017821;-74.999714
TOLIMA;GUAMO;73319;ANI;19;7;Bajo;3.971034;-74.996933
ATLÁNTICO;TUBARÁ;8832;ANI;90;48;Muy Alto;10.967224;-74.994164
TOLIMA;COELLO;73200;ANI;19;4;Muy Bajo;4.250508;-74.99053
TOLIMA;GUAMO;73319;INVIAS-OTROS;33;3;Muy Bajo;4.023657;-74.988156
ATLÁNTICO;SABANALARGA;8638;ANI;70;2;Muy Bajo;10.651245;-74.986496
TOLIMA;GUAMO;73319;ANI;21;3;Muy Bajo;3.991671;-74.98621
TOLIMA;ESPINAL;73268;ANI;21;4;Muy Bajo;4.230938;-74.98375
BOLÍVAR;CALAMAR;13140;ANI;126;12;Bajo;10.187845;-74.981539
TOLIMA;ALVARADO;73026;ANI;21;18;Medio;4.520748;-74.981456
ATLÁNTICO;TUBARÁ;8832;ANI;91;54;Muy Alto;10.96745;-74.979386
TOLIMA;ESPINAL;73268;ANI;26;2;Muy Bajo;4.200382;-74.968987
TOLIMA;ALVARADO;73026;ANI;25;19;Medio;4.540222;-74.967056
ATLÁNTICO;TUBARÁ;8832;ANI;92;53;Muy Alto;10.966509;-74.965047
BOLÍVAR;CALAMAR;13140;ANI;128;5;Muy Bajo;10.19478;-74.964489
TOLIMA;GUAMO;73319;ANI;sd;4;Muy Bajo;4.01752;-74.961691
TOLIMA;GUAMO;73319;ANI;27;4;Muy Bajo;4.033985;-74.957428
TOLIMA;ALVARADO;73026;ANI;27;2;Muy Bajo;4.558296;-74.95697
TOLIMA;ESPINAL;73268;ANI;27;7;Bajo;4.189947;-74.955883
BOLÍVAR;CALAMAR;13140;ANI;130;11;Bajo;10.203278;-74.951889
ATLÁNTICO;PUERTO COLOMBIA;8573;ANI;94;74;Muy Alto;10.971256;-74.948717
TOLIMA;ALVARADO;73026;ANI;29;9;Bajo;4.580196;-74.946319
TOLIMA;GUAMO;73319;ANI;31;4;Muy Bajo;4.064212;-74.945727
ATLÁNTICO;PUERTO COLOMBIA;8573;ANI;96;41;Alto;10.984007;-74.94366
TOLIMA;ESPINAL;73268;ANI;29;7;Bajo;4.180629;-74.941938
TOLIMA;ALVARADO;73026;ANI;33;11;Bajo;4.601466;-74.941172
BOLÍVAR;CALAMAR;13140;ANI;132;3;Muy Bajo;10.210447;-74.94009
TOLIMA;ALVARADO;73026;ANI;33;14;Bajo;4.617176;-74.938066
TOLIMA;VENADILLO;73861;ANI;41;8;Bajo;4.678481;-74.937744
TOLIMA;VENADILLO;73861;ANI;39;17;Medio;4.662033;-74.936517
TOLIMA;VENADILLO;73861;ANI;43;9;Bajo;4.693339;-74.935574
TOLIMA;VENADILLO;73861;ANI;37;9;Bajo;4.642191;-74.934178
ATLÁNTICO;PUERTO COLOMBIA;8573;ANI;98;9;Bajo;10.999085;-74.934032
TOLIMA;VENADILLO;73861;ANI;51;11;Bajo;4.771662;-74.934015
BOLÍVAR;CALAMAR;13140;ANI;132;11;Bajo;10.216928;-74.933298
TOLIMA;GUAMO;73319;ANI;34;8;Bajo;4.077838;-74.93238
TOLIMA;VENADILLO;73861;ANI;51;9;Bajo;4.758444;-74.931011
TOLIMA;VENADILLO;73861;ANI;49;6;Muy Bajo;4.738598;-74.930248
TOLIMA;ESPINAL;73268;ANI;31;5;Muy Bajo;4.171815;-74.928732
TOLIMA;LÉRIDA;73408;ANI;59;10;Bajo;4.813179;-74.926106
BOLÍVAR;CALAMAR;13140;ANI;134;9;Bajo;10.229835;-74.924379
TOLIMA;GUAMO;73319;ANI;36;7;Bajo;4.098012;-74.922707
TOLIMA;LÉRIDA;73408;ANI;61;20;Medio;4.828783;-74.920516
ATLÁNTICO;PUERTO COLOMBIA;8573;ANI;100;10;Bajo;11.004833;-74.920166
BOLÍVAR;CALAMAR;13140;ANI;136;4;Muy Bajo;10.249987;-74.917317
TOLIMA;LÉRIDA;73408;ANI;62;9;Bajo;4.843065;-74.915248
TOLIMA;ESPINAL;73268;ANI;38;7;Bajo;4.11654;-74.914799
TOLIMA;ESPINAL;73268;CIUDAD;sd;10;Bajo;4.151373;-74.9143
ATLÁNTICO;BARANOA;8078;ANI;86;3;Muy Bajo;10.714159;-74.910278
ATLÁNTICO;SUAN;8770;ANI;0;2;Muy Bajo;10.26947;-74.910107
TOLIMA;ESPINAL;73268;ANI;40;4;Muy Bajo;4.133992;-74.908476
TOLIMA;LÉRIDA;73408;ANI;65;2;Muy Bajo;4.871578;-74.907189
ATLÁNTICO;SABANALARGA;8638;ANI;84;2;Muy Bajo;10.698452;-74.906845
ATLÁNTICO;PUERTO COLOMBIA;8573;ANI;102;23;Medio;11.010405;-74.906717
ATLÁNTICO;SUAN;8770;ANI;2;2;Muy Bajo;10.284148;-74.9053
TOLIMA;LÉRIDA;73408;ANI;75;13;Bajo;4.938094;-74.904276
TOLIMA;ARMERO (Guayabal);73055;ANI;79;4;Muy Bajo;4.975391;-74.903927
TOLIMA;ARMERO (Guayabal);73055;ANI;81;4;Muy Bajo;4.997578;-74.901695
TOLIMA;ARMERO (Guayabal);73055;ANI;98;3;Muy Bajo;5.134392;-74.898691
TOLIMA;MARIQUITA;73443;ANI;100;7;Bajo;5.153969;-74.898448
ATLÁNTICO;SUAN;8770;ANI;4;3;Muy Bajo;10.299855;-74.897146
TOLIMA;LÉRIDA;73408;ANI;71;17;Medio;4.917909;-74.896293
TOLIMA;MARIQUITA;73443;ANI;102;2;Muy Bajo;5.170527;-74.894314
ATLÁNTICO;PUERTO COLOMBIA;8573;ANI;104;4;Muy Bajo;11.012206;-74.894142
ATLÁNTICO;GALAPA;8296;ANI;106;4;Muy Bajo;10.873439;-74.893155
TOLIMA;ARMERO (Guayabal);73055;ANI;95;2;Muy Bajo;5.11096;-74.892769
TOLIMA;LÉRIDA;73408;ANI;69;14;Bajo;4.897303;-74.89093
TOLIMA;ARMERO (Guayabal);73055;ANI;93;6;Muy Bajo;5.094438;-74.883113
TOLIMA;ARMERO (Guayabal);73055;ANI;87;7;Bajo;5.053909;-74.881336
TOLIMA;ARMERO (Guayabal);73055;ANI;89;4;Muy Bajo;5.066586;-74.87998
ATLÁNTICO;PUERTO COLOMBIA;8573;ANI;104;9;Bajo;11.01398;-74.878922
TOLIMA;ARMERO (Guayabal);73055;ANI;91;3;Muy Bajo;5.079317;-74.878178
ATLÁNTICO;CAMPO DE LA CRUZ;8137;ANI;11;3;Muy Bajo;10.361052;-74.86948
ATLÁNTICO;GALAPA;8296;ANI;112;3;Muy Bajo;10.924873;-74.869337
TOLIMA;FLANDES;73275;ANI;50;2;Muy Bajo;4.205017;-74.855175
ATLÁNTICO;BARRANQUILLA;8001;ANI;108;2;Muy Bajo;11.015425;-74.849854
TOLIMA;MARIQUITA;73443;ANI;33;2;Muy Bajo;5.195332;-74.842129
ATLÁNTICO;CAMPO DE LA CRUZ;8137;ANI;21;3;Muy Bajo;10.435324;-74.838696
TOLIMA;FLANDES;73275;ANI;56;2;Muy Bajo;4.2554;-74.838009
ATLÁNTICO;CAMPO DE LA CRUZ;8137;ANI;23;3;Muy Bajo;10.449343;-74.837208
ATLÁNTICO;CANDELARIA;8141;ANI;29;5;Muy Bajo;10.496733;-74.8251
ATLÁNTICO;PONEDERA;8560;ANI;32;3;Muy Bajo;10.518236;-74.818554
ATLÁNTICO;PONEDERA;8560;ANI;34;3;Muy Bajo;10.537434;-74.808912
ATLÁNTICO;PONEDERA;8560;ANI;36;2;Muy Bajo;10.559321;-74.797669
ANTIOQUIA;MACEO;5425;ANI;42;3;Muy Bajo;6.508341;-74.786396
ATLÁNTICO;PONEDERA;8560;ANI;40;3;Muy Bajo;10.582366;-74.785652
ATLÁNTICO;SANTO TOMÁS;8685;ANI;61;8;Bajo;10.772146;-74.765522
ATLÁNTICO;PONEDERA;8560;ANI;45;3;Muy Bajo;10.628386;-74.761563
ATLÁNTICO;PONEDERA;8560;ANI;48;2;Muy Bajo;10.648413;-74.761276
ATLÁNTICO;PALMAR DE VARELA;8520;ANI;56;5;Muy Bajo;10.71903;-74.755097
ATLÁNTICO;PALMAR DE VARELA;8520;ANI;50;3;Muy Bajo;10.673561;-74.752264
ANTIOQUIA;MACEO;5425;ANI;48;4;Muy Bajo;6.497598;-74.751406
ATLÁNTICO;PALMAR DE VARELA;8520;ANI;52;3;Muy Bajo;10.693345;-74.74823
TOLIMA;HONDA;73349;ANI;10;3;Muy Bajo;5.281019;-74.741078
CALDAS;LA DORADA;17380;ANI;14;2;Muy Bajo;5.32176;-74.739132
TOLIMA;HONDA;73349;ANI;2;2;Muy Bajo;5.227518;-74.735699
CALDAS;LA DORADA;17380;ANI;18;2;Muy Bajo;5.34854;-74.732094
TOLIMA;HONDA;73349;ANI;5;2;Muy Bajo;5.244427;-74.727802
MAGDALENA;SITIONUEVO;47745;DEPTO;6;2;Muy Bajo;10.98341;-74.721966
CALDAS;LA DORADA;17380;ANI;20;2;Muy Bajo;5.363732;-74.721794
CALDAS;LA DORADA;17380;ANI;22;5;Muy Bajo;5.381871;-74.711409
MAGDALENA;SITIONUEVO;47745;DEPTO;10;8;Bajo;10.99398;-74.698522
MAGDALENA;SITIONUEVO;47745;DEPTO;10;2;Muy Bajo;11.002293;-74.689865
MAGDALENA;SITIONUEVO;47745;DEPTO;12;5;Muy Bajo;11.005712;-74.674101
ANTIOQUIA;PUERTO BERRÍO;5579;ANI;60;2;Muy Bajo;6.452751;-74.669953
MAGDALENA;SITIONUEVO;47745;DEPTO;15;6;Muy Bajo;11.007643;-74.652958
ANTIOQUIA;PUERTO BERRÍO;5579;ANI;64;4;Muy Bajo;6.449919;-74.638825
MAGDALENA;SITIONUEVO;47745;DEPTO;18;8;Bajo;11.013439;-74.630322
CUNDINAMARCA;PUERTO SALGAR;25572;INVIAS-OTROS;50;4;Muy Bajo;5.594359;-74.622631
CUNDINAMARCA;PUERTO SALGAR;25572;INVIAS-OTROS;56;3;Muy Bajo;5.644226;-74.617167
MAGDALENA;SITIONUEVO;47745;DEPTO;20;3;Muy Bajo;11.006727;-74.603291
MAGDALENA;SITIONUEVO;47745;DEPTO;24;5;Muy Bajo;10.997379;-74.582448
BOYACÁ;PUERTO BOYACÁ;15572;INVIAS-OTROS;88;4;Muy Bajo;5.897727;-74.567557
BOYACÁ;PUERTO BOYACÁ;15572;INVIAS-OTROS;82;2;Muy Bajo;5.851507;-74.564381
BOYACÁ;PUERTO BOYACÁ;15572;INVIAS-OTROS;102;4;Muy Bajo;6.012097;-74.559059
BOYACÁ;PUERTO BOYACÁ;15572;INVIAS-OTROS;98;2;Muy Bajo;5.983086;-74.557343
MAGDALENA;SITIONUEVO;47745;DEPTO;26;8;Bajo;10.991335;-74.55617
BOYACÁ;PUERTO BOYACÁ;15572;INVIAS-OTROS;120;2;Muy Bajo;6.137495;-74.554424
BOYACÁ;PUERTO BOYACÁ;15572;INVIAS-OTROS;114;2;Muy Bajo;6.081534;-74.552364
BOYACÁ;PUERTO BOYACÁ;15572;INVIAS-OTROS;108;2;Muy Bajo;6.042996;-74.548931
MAGDALENA;SITIONUEVO;47745;DEPTO;28;5;Muy Bajo;10.989676;-74.536142
SANTANDER;BOLIVAR;68101;INVIAS-OTROS;1;3;Muy Bajo;6.237459;-74.516201
MAGDALENA;SITIONUEVO;47745;DEPTO;32;6;Muy Bajo;10.982981;-74.513569
MAGDALENA;PUEBLOVIEJO;47570;DEPTO;36;11;Bajo;10.97693;-74.477649
ANTIOQUIA;PUERTO BERRÍO;5579;ANI;88;2;Muy Bajo;6.495066;-74.477177
SANTANDER;CIMITARRA;68190;INVIAS-OTROS;5;2;Muy Bajo;6.270704;-74.476318
MAGDALENA;PUEBLOVIEJO;47570;DEPTO;36;3;Muy Bajo;10.974398;-74.462757
MAGDALENA;PUEBLOVIEJO;47570;DEPTO;40;8;Bajo;10.972246;-74.440819
MAGDALENA;PUEBLOVIEJO;47570;DEPTO;42;8;Bajo;10.973132;-74.421001
MAGDALENA;PUEBLOVIEJO;47570;DEPTO;44;5;Muy Bajo;10.972281;-74.396782
SANTANDER;CIMITARRA;68190;INVIAS-OTROS;21;2;Muy Bajo;6.378937;-74.391346
MAGDALENA;PUEBLOVIEJO;47570;DEPTO;46;5;Muy Bajo;10.971222;-74.378772
SANTANDER;CIMITARRA;68190;INVIAS-OTROS;25;2;Muy Bajo;6.390353;-74.369202
SANTANDER;CIMITARRA;68190;INVIAS-OTROS;35;2;Muy Bajo;6.439533;-74.312725
CUNDINAMARCA;MADRID;25430;ANI;54;2;Muy Bajo;4.761372;-74.308949
SANTANDER;CIMITARRA;68190;ANI;114;2;Muy Bajo;6.485796;-74.275131
CUNDINAMARCA;MOSQUERA;25473;ANI;64;2;Muy Bajo;4.718886;-74.238911
MAGDALENA;SANTA MARTA;47001;DEPTO;sd;4;Muy Bajo;11.160221;-74.225178
MAGDALENA;SANTA MARTA;47001;DEPTO;sd;12;Bajo;11.107435;-74.221343
MAGDALENA;SANTA MARTA;47001;DEPTO;75;7;Bajo;11.093335;-74.216055
MAGDALENA;SANTA MARTA;47001;DEPTO;sd;2;Muy Bajo;11.113444;-74.213677
MAGDALENA;CIÉNAGA;47189;DEPTO;73;8;Bajo;11.077011;-74.213322
MAGDALENA;SANTA MARTA;47001;DEPTO;sd;2;Muy Bajo;11.145802;-74.211445
MAGDALENA;CIÉNAGA;47189;DEPTO;71;4;Muy Bajo;11.061774;-74.207583
MAGDALENA;CIÉNAGA;47189;DEPTO;69;5;Muy Bajo;11.047148;-74.204235
MAGDALENA;CIÉNAGA;47189;DEPTO;69;4;Muy Bajo;11.03272;-74.204064
MAGDALENA;ARIGUANÍ (El Dificil);47058;ANI;77;3;Muy Bajo;9.865008;-74.198399
SANTANDER;CIMITARRA;68190;INVIAS-OTROS;51;2;Muy Bajo;6.487169;-74.192219
MAGDALENA;ARACATACA;47053;ANI;6;3;Muy Bajo;10.58271;-74.166899
MAGDALENA;ARACATACA;47053;ANI;1;6;Muy Bajo;10.546146;-74.162908
MAGDALENA;ZONA BANANERA;47980;ANI;88;3;Muy Bajo;10.923872;-74.161434
MAGDALENA;ZONA BANANERA;47980;ANI;54;3;Muy Bajo;10.663476;-74.160977
MAGDALENA;FUNDACIÓN;47288;ANI;30;2;Muy Bajo;10.47864;-74.15926
MAGDALENA;ZONA BANANERA;47980;ANI;58;2;Muy Bajo;10.685063;-74.15205
MAGDALENA;FUNDACIÓN;47288;ANI;28;7;Bajo;10.466838;-74.1509
MAGDALENA;ZONA BANANERA;47980;ANI;60;2;Muy Bajo;10.698624;-74.143982
MAGDALENA;ZONA BANANERA;47980;ANI;62;2;Muy Bajo;10.716133;-74.134026
MAGDALENA;ZONA BANANERA;47980;ANI;78;2;Muy Bajo;10.845051;-74.130592
MAGDALENA;FUNDACIÓN;47288;ANI;24;5;Muy Bajo;10.430503;-74.128218
MAGDALENA;ZONA BANANERA;47980;ANI;64;7;Bajo;10.736966;-74.11914
MAGDALENA;ZONA BANANERA;47980;ANI;76;4;Muy Bajo;10.820031;-74.117375
MAGDALENA;ZONA BANANERA;47980;ANI;73;3;Muy Bajo;10.804067;-74.109478
MAGDALENA;FUNDACIÓN;47288;ANI;18;5;Muy Bajo;10.387865;-74.104466
MAGDALENA;FUNDACIÓN;47288;ANI;17;4;Muy Bajo;10.372338;-74.093514
SANTANDER;CIMITARRA;68190;INVIAS-OTROS;63;2;Muy Bajo;6.524763;-74.092999
MAGDALENA;ALGARROBO;47030;ANI;12;5;Muy Bajo;10.341783;-74.068794
MAGDALENA;ALGARROBO;47030;ANI;10;3;Muy Bajo;10.322771;-74.056006
MAGDALENA;ALGARROBO;47030;ANI;6;3;Muy Bajo;10.305262;-74.044132
MAGDALENA;ALGARROBO;47030;ANI;4;5;Muy Bajo;10.286865;-74.031573
MAGDALENA;ALGARROBO;47030;ANI;2;5;Muy Bajo;10.261503;-74.014607
CUNDINAMARCA;CAJICÁ;25126;ANI;sd;3;Muy Bajo;4.927626;-74.011402
CUNDINAMARCA;CAJICÁ;25126;ANI;18;2;Muy Bajo;4.958868;-74.01043
SANTANDER;CIMITARRA;68190;INVIAS-OTROS;75;3;Muy Bajo;6.591826;-74.010143
CUNDINAMARCA;CAJICÁ;25126;ANI;sd;3;Muy Bajo;4.980498;-74.003391
CESAR;EL COPEY;20238;ANI;32;5;Muy Bajo;10.243704;-74.002155
CUNDINAMARCA;SOPÓ;25758;ANI;13;3;Muy Bajo;4.912605;-74.000559
CUNDINAMARCA;ZIPAQUIRÁ;25899;ANI;23;8;Bajo;4.997921;-73.99601
CESAR;EL COPEY;20238;ANI;31;6;Muy Bajo;10.229531;-73.993206
SANTANDER;PUERTO PARRA;68573;INVIAS-OTROS;79;2;Muy Bajo;6.612225;-73.988114
CESAR;EL COPEY;20238;ANI;29;3;Muy Bajo;10.215025;-73.984051
CUNDINAMARCA;SOPÓ;25758;ANI;18;5;Muy Bajo;4.939093;-73.970226
CUNDINAMARCA;COGUA;25200;INVIAS-OTROS;sd;4;Muy Bajo;5.043583;-73.966885
MAGDALENA;EL BANCO;47245;INVIAS-OTROS;3;2;Muy Bajo;9.032135;-73.964939
CESAR;EL COPEY;20238;ANI;23;3;Muy Bajo;10.165587;-73.961849
MAGDALENA;EL BANCO;47245;INVIAS-OTROS;5;6;Muy Bajo;9.052327;-73.959274
CUNDINAMARCA;LA CALERA;25377;ANI;17;2;Muy Bajo;4.76841;-73.959274
MAGDALENA;EL BANCO;47245;INVIAS-OTROS;9;6;Muy Bajo;9.077397;-73.95155
MAGDALENA;EL BANCO;47245;INVIAS-OTROS;sd;7;Bajo;8.999139;-73.951452
CESAR;EL COPEY;20238;ANI;18;3;Muy Bajo;10.130682;-73.947201
MAGDALENA;EL BANCO;47245;INVIAS-OTROS;11;6;Muy Bajo;9.092446;-73.9468
CESAR;EL COPEY;20238;ANI;16;8;Bajo;10.111714;-73.942074
MAGDALENA;EL BANCO;47245;INVIAS-OTROS;13;14;Bajo;9.108022;-73.940289
MAGDALENA;EL BANCO;47245;INVIAS-OTROS;3;10;Bajo;8.990965;-73.936773
CESAR;EL COPEY;20238;ANI;13;2;Muy Bajo;10.090943;-73.93507
CESAR;EL COPEY;20238;ANI;13;6;Muy Bajo;10.074721;-73.928933
MAGDALENA;EL BANCO;47245;INVIAS-OTROS;15;12;Bajo;9.121622;-73.927223
SANTANDER;PUERTO PARRA;68573;INVIAS-OTROS;89;2;Muy Bajo;6.673079;-73.923226
CUNDINAMARCA;NEMOCÓN;25486;INVIAS-OTROS;38;3;Muy Bajo;5.090075;-73.922825
MAGDALENA;EL BANCO;47245;INVIAS-OTROS;5;4;Muy Bajo;8.983083;-73.921423
CESAR;BOSCONIA;20060;ANI;10;4;Muy Bajo;10.051403;-73.920307
MAGDALENA;EL BANCO;47245;INVIAS-OTROS;17;8;Bajo;9.143053;-73.916261
CESAR;CHIMICHAGUA;20175;INVIAS-OTROS;21;10;Bajo;9.185193;-73.911875
MAGDALENA;EL BANCO;47245;INVIAS-OTROS;19;9;Bajo;9.162842;-73.909536
CESAR;CHIMICHAGUA;20175;INVIAS-OTROS;24;7;Bajo;9.202068;-73.909321
CESAR;BOSCONIA;20060;ANI;5;5;Muy Bajo;10.023365;-73.909035
CESAR;ASTREA;20032;INVIAS-OTROS;0;2;Muy Bajo;9.558792;-73.907948
MAGDALENA;SANTA MARTA;47001;ANI;32;4;Muy Bajo;11.282487;-73.905544
CESAR;BOSCONIA;20060;ANI;4;2;Muy Bajo;10.009575;-73.903656
MAGDALENA;EL BANCO;47245;INVIAS-OTROS;7;10;Bajo;8.983155;-73.90327
CESAR;ASTREA;20032;INVIAS-OTROS;68;10;Bajo;9.518352;-73.899408
CESAR;CHIMICHAGUA;20175;INVIAS-OTROS;27;3;Muy Bajo;9.226542;-73.894444
CESAR;ASTREA;20032;INVIAS-OTROS;2;4;Muy Bajo;9.577031;-73.8937
CESAR;BOSCONIA;20060;ANI;2;2;Muy Bajo;9.984684;-73.893528
CESAR;CHIMICHAGUA;20175;INVIAS-OTROS;57;5;Muy Bajo;9.417622;-73.892541
CESAR;CHIMICHAGUA;20175;INVIAS-OTROS;59;8;Bajo;9.432535;-73.890481
CESAR;ASTREA;20032;INVIAS-OTROS;67;6;Muy Bajo;9.506035;-73.889237
CESAR;CHIMICHAGUA;20175;INVIAS-OTROS;53;4;Muy Bajo;9.397001;-73.888808
CESAR;CHIMICHAGUA;20175;INVIAS-OTROS;51;10;Bajo;9.377443;-73.887756
SANTANDER;PUERTO PARRA;68573;INVIAS-OTROS;95;3;Muy Bajo;6.708727;-73.883801
CESAR;ASTREA;20032;INVIAS-OTROS;65;13;Bajo;9.48969;-73.883739
MAGDALENA;EL BANCO;47245;INVIAS-OTROS;10;7;Bajo;8.982289;-73.883114
CESAR;ASTREA;20032;INVIAS-OTROS;61;7;Bajo;9.449158;-73.882485
CESAR;ASTREA;20032;INVIAS-OTROS;63;13;Bajo;9.468942;-73.880506
CESAR;ASTREA;20032;INVIAS-OTROS;6;3;Muy Bajo;9.594841;-73.878422
CESAR;CHIMICHAGUA;20175;INVIAS-OTROS;29;8;Bajo;9.239931;-73.876834
CESAR;CHIMICHAGUA;20175;INVIAS-OTROS;47;6;Muy Bajo;9.341898;-73.874989
CESAR;BOSCONIA;20060;ANI;84;9;Bajo;9.94958;-73.87064
MAGDALENA;EL BANCO;47245;INVIAS-OTROS;11;5;Muy Bajo;8.979487;-73.86723
CESAR;CHIMICHAGUA;20175;INVIAS-OTROS;31;7;Bajo;9.248944;-73.863774
MAGDALENA;SANTA MARTA;47001;ANI;38;7;Bajo;11.271818;-73.862509
CESAR;BOSCONIA;20060;ANI;84;5;Muy Bajo;9.935915;-73.861668
CESAR;TAMALAMEQUE;20787;INVIAS-OTROS;20;8;Bajo;8.912653;-73.856243
CESAR;ASTREA;20032;INVIAS-OTROS;8;3;Muy Bajo;9.607716;-73.855934
MAGDALENA;EL BANCO;47245;INVIAS-OTROS;13;4;Muy Bajo;8.973427;-73.855419
CESAR;BOSCONIA;20060;ANI;30;9;Bajo;9.991341;-73.855019
CESAR;TAMALAMEQUE;20787;INVIAS-OTROS;18;3;Muy Bajo;8.93157;-73.854733
CESAR;CHIMICHAGUA;20175;INVIAS-OTROS;41;3;Muy Bajo;9.307738;-73.852101
CESAR;CHIMICHAGUA;20175;INVIAS-OTROS;33;7;Bajo;9.259479;-73.851113
CESAR;TAMALAMEQUE;20787;INVIAS-OTROS;17;4;Muy Bajo;8.943901;-73.849325
CESAR;CHIMICHAGUA;20175;INVIAS-OTROS;37;3;Muy Bajo;9.279928;-73.847637
MAGDALENA;SANTA MARTA;47001;ANI;40;5;Muy Bajo;11.258004;-73.847394
CESAR;TAMALAMEQUE;20787;INVIAS-OTROS;15;5;Muy Bajo;8.957926;-73.845532
SANTANDER;SIMACOTA;68745;INVIAS-OTROS;101;2;Muy Bajo;6.753674;-73.845463
CESAR;BOSCONIA;20060;ANI;80;7;Bajo;9.907823;-73.843403
CESAR;TAMALAMEQUE;20787;INVIAS-OTROS;23;2;Muy Bajo;8.890686;-73.842545
CESAR;BOSCONIA;20060;ANI;32;10;Bajo;9.993267;-73.841286
CESAR;CHIMICHAGUA;20175;INVIAS-OTROS;37;5;Muy Bajo;9.267054;-73.840588
CESAR;TAMALAMEQUE;20787;INVIAS-OTROS;25;3;Muy Bajo;8.879357;-73.831816
CESAR;BOSCONIA;20060;ANI;76;6;Muy Bajo;9.888039;-73.830242
CESAR;BOSCONIA;20060;ANI;32;7;Bajo;10.000465;-73.829523
CESAR;ASTREA;20032;INVIAS-OTROS;12;3;Muy Bajo;9.62647;-73.82186
SANTANDER;BARRANCABERMEJA;68081;ANI;4;3;Muy Bajo;7.043524;-73.818913
CESAR;TAMALAMEQUE;20787;INVIAS-OTROS;27;2;Muy Bajo;8.869658;-73.81834
CESAR;BOSCONIA;20060;ANI;34;11;Bajo;10.008855;-73.816278
MAGDALENA;SANTA MARTA;47001;ANI;44;3;Muy Bajo;11.248942;-73.80827
CESAR;BOSCONIA;20060;ANI;72;12;Bajo;9.850031;-73.805275
CESAR;BOSCONIA;20060;ANI;36;5;Muy Bajo;10.016064;-73.80526
CESAR;BOSCONIA;20060;ANI;38;9;Bajo;10.032077;-73.798428
CESAR;TAMALAMEQUE;20787;INVIAS-OTROS;29;2;Muy Bajo;8.869658;-73.798256
SANTANDER;BARRANCABERMEJA;68081;ANI;6;8;Bajo;7.047472;-73.796797
CESAR;BOSCONIA;20060;ANI;70;7;Bajo;9.832899;-73.793915
CESAR;EL PASO;20250;INVIAS-OTROS;16;2;Muy Bajo;9.641791;-73.793793
CESAR;VALLEDUPAR;20001;ANI;40;17;Medio;10.047364;-73.790396
BOYACÁ;SABOYÁ;15632;INVIAS-OTROS;57;3;Muy Bajo;5.656457;-73.788986
CESAR;EL PASO;20250;ANI;68;5;Muy Bajo;9.820876;-73.783622
CESAR;TAMALAMEQUE;20787;INVIAS-OTROS;32;6;Muy Bajo;8.87752;-73.778824
CESAR;VALLEDUPAR;20001;ANI;42;10;Bajo;10.058524;-73.778154
CESAR;EL PASO;20250;INVIAS-OTROS;18;3;Muy Bajo;9.651404;-73.777599
CESAR;VALLEDUPAR;20001;ANI;44;17;Medio;10.070081;-73.770747
CESAR;EL PASO;20250;ANI;66;9;Bajo;9.806665;-73.770484
CESAR;EL PASO;20250;INVIAS-OTROS;20;4;Muy Bajo;9.661102;-73.765183
SANTANDER;BARRANCABERMEJA;68081;ANI;12;8;Bajo;7.047547;-73.75454
CESAR;VALLEDUPAR;20001;ANI;46;5;Muy Bajo;10.075716;-73.754482
CESAR;EL PASO;20250;ANI;62;7;Bajo;9.78894;-73.754311
MAGDALENA;SANTA MARTA;47001;ANI;50;8;Bajo;11.249622;-73.752846
CESAR;EL PASO;20250;ANI;62;3;Muy Bajo;9.778948;-73.745327
CESAR;TAMALAMEQUE;20787;INVIAS-OTROS;35;4;Muy Bajo;8.877154;-73.744068
MAGDALENA;SANTA MARTA;47001;ANI;52;5;Muy Bajo;11.246309;-73.737042
CESAR;EL PASO;20250;ANI;60;6;Muy Bajo;9.767819;-73.735314
CESAR;EL PASO;20250;INVIAS-OTROS;28;6;Muy Bajo;9.706736;-73.732681
CESAR;VALLEDUPAR;20001;ANI;50;9;Bajo;10.092735;-73.729324
CESAR;EL PASO;20250;ANI;58;6;Muy Bajo;9.756832;-73.725128
MAGDALENA;SANTA MARTA;47001;ANI;54;6;Muy Bajo;11.242941;-73.722596
CESAR;VALLEDUPAR;20001;ANI;50;7;Bajo;10.099508;-73.719601
CESAR;TAMALAMEQUE;20787;INVIAS-OTROS;39;6;Muy Bajo;8.876438;-73.716331
CESAR;EL PASO;20250;ANI;30;3;Muy Bajo;9.733629;-73.714771
CUNDINAMARCA;CHOCONTÁ;25183;ANI;1;4;Muy Bajo;5.098772;-73.711138
MAGDALENA;SANTA MARTA;47001;ANI;56;3;Muy Bajo;11.240702;-73.707676
SANTANDER;BARRANCABERMEJA;68081;ANI;20;4;Muy Bajo;7.089916;-73.707104
CESAR;VALLEDUPAR;20001;ANI;52;9;Bajo;10.106857;-73.706145
CESAR;EL PASO;20250;ANI;54;2;Muy Bajo;9.728565;-73.700409
SANTANDER;BARRANCABERMEJA;68081;ANI;22;2;Muy Bajo;7.099743;-73.691654
CESAR;VALLEDUPAR;20001;ANI;54;11;Bajo;10.11574;-73.690767
CESAR;EL PASO;20250;ANI;52;3;Muy Bajo;9.713259;-73.690167
CESAR;PELAYA;20550;INVIAS-OTROS;21;4;Muy Bajo;8.784728;-73.6835
CESAR;PELAYA;20550;INVIAS-OTROS;19;14;Bajo;8.764382;-73.68346
CESAR;PELAYA;20550;INVIAS-OTROS;17;3;Muy Bajo;8.747492;-73.681469
CESAR;PELAYA;20550;INVIAS-OTROS;23;4;Muy Bajo;8.798075;-73.681011
CESAR;EL PASO;20250;ANI;50;4;Muy Bajo;9.698739;-73.680411
SANTANDER;BARRANCABERMEJA;68081;ANI;22;9;Bajo;7.10351;-73.679295
CESAR;PELAYA;20550;INVIAS-OTROS;25;3;Muy Bajo;8.814769;-73.678093
CESAR;PELAYA;20550;INVIAS-OTROS;15;5;Muy Bajo;8.730383;-73.676548
MAGDALENA;SANTA MARTA;47001;ANI;60;8;Bajo;11.24485;-73.673687
CESAR;EL PASO;20250;ANI;48;2;Muy Bajo;9.687281;-73.672772
CESAR;VALLEDUPAR;20001;ANI;56;4;Muy Bajo;10.125618;-73.672514
CESAR;PELAYA;20550;INVIAS-OTROS;13;3;Muy Bajo;8.710184;-73.672428
CESAR;PAILITAS;20517;INVIAS-OTROS;31;4;Muy Bajo;8.875866;-73.67054
CESAR;EL PASO;20250;ANI;46;3;Muy Bajo;9.675036;-73.664417
SANTANDER;BARRANCABERMEJA;68081;ANI;24;8;Bajo;7.106438;-73.663373
SANTANDER;BARRANCABERMEJA;68081;INVIAS-OTROS;141;2;Muy Bajo;7.047301;-73.657494
CESAR;VALLEDUPAR;20001;ANI;59;6;Muy Bajo;10.13639;-73.657065
MAGDALENA;SANTA MARTA;47001;ANI;62;8;Bajo;11.252918;-73.655892
CESAR;EL PASO;20250;ANI;44;2;Muy Bajo;9.656897;-73.652172
CESAR;CURUMANÍ;20228;INVIAS-OTROS;57;4;Muy Bajo;9.098783;-73.649769
CESAR;PELAYA;20550;INVIAS-OTROS;5;6;Muy Bajo;8.658772;-73.64954
CESAR;CURUMANÍ;20228;INVIAS-OTROS;61;2;Muy Bajo;9.129896;-73.649082
CESAR;CHIMICHAGUA;20175;INVIAS-OTROS;53;7;Bajo;9.062262;-73.646826
CESAR;CHIMICHAGUA;20175;INVIAS-OTROS;51;10;Bajo;9.04645;-73.641873
CESAR;LA GLORIA;20383;INVIAS-OTROS;90;3;Muy Bajo;8.512831;-73.639813
CESAR;LA GLORIA;20383;INVIAS-OTROS;92;3;Muy Bajo;8.527765;-73.639241
CESAR;LA GLORIA;20383;INVIAS-OTROS;92;3;Muy Bajo;8.544131;-73.638668
CESAR;LA GLORIA;20383;INVIAS-OTROS;3;2;Muy Bajo;8.640662;-73.638439
CESAR;LA GLORIA;20383;INVIAS-OTROS;94;4;Muy Bajo;8.559208;-73.637924
SANTANDER;BARRANCABERMEJA;68081;ANI;28;9;Bajo;7.113962;-73.637753
CESAR;LA GLORIA;20383;INVIAS-OTROS;96;3;Muy Bajo;8.580752;-73.637181
CESAR;AGUACHICA;20011;INVIAS-OTROS;86;3;Muy Bajo;8.482619;-73.636723
CESAR;LA GLORIA;20383;INVIAS-OTROS;1;8;Bajo;8.626046;-73.636404
CESAR;LA GLORIA;20383;INVIAS-OTROS;98;2;Muy Bajo;8.59603;-73.636208
CESAR;PAILITAS;20517;INVIAS-OTROS;49;7;Bajo;9.022711;-73.634714
CESAR;AGUACHICA;20011;INVIAS-OTROS;85;13;Bajo;8.468076;-73.633501
CESAR;CURUMANÍ;20228;INVIAS-OTROS;63;2;Muy Bajo;9.14217;-73.633461
CESAR;PAILITAS;20517;INVIAS-OTROS;47;10;Bajo;9.001222;-73.62947
CESAR;EL PASO;20250;ANI;40;3;Muy Bajo;9.62205;-73.628369
CESAR;PAILITAS;20517;INVIAS-OTROS;43;3;Muy Bajo;8.973513;-73.62814
CESAR;AGUACHICA;20011;INVIAS-OTROS;81;6;Muy Bajo;8.445196;-73.628025
CESAR;VALLEDUPAR;20001;ANI;62;3;Muy Bajo;10.156431;-73.626538
CESAR;AGUACHICA;20011;INVIAS-OTROS;79;6;Muy Bajo;8.426199;-73.623448
CESAR;AGUACHICA;20011;INVIAS-OTROS;77;8;Bajo;8.410571;-73.6196
CESAR;AGUACHICA;20011;INVIAS-OTROS;75;4;Muy Bajo;8.393383;-73.615179
CESAR;AGUACHICA;20011;INVIAS-OTROS;73;10;Bajo;8.371231;-73.606788
CESAR;AGUACHICA;20011;INVIAS-OTROS;1;8;Bajo;8.263622;-73.603649
CESAR;AGUACHICA;20011;INVIAS-OTROS;57;7;Bajo;8.238673;-73.603535
MAGDALENA;SANTA MARTA;47001;ANI;68;3;Muy Bajo;11.260786;-73.602619
CESAR;AGUACHICA;20011;INVIAS-OTROS;57;3;Muy Bajo;8.223696;-73.602505
CESAR;EL PASO;20250;ANI;36;6;Muy Bajo;9.598131;-73.602047
CESAR;AGUACHICA;20011;INVIAS-OTROS;63;2;Muy Bajo;8.28455;-73.601189
CESAR;VALLEDUPAR;20001;ANI;67;4;Muy Bajo;10.1752;-73.599243
CESAR;CHIRIGUANÁ;20178;ANI;34;2;Muy Bajo;9.582224;-73.593807
CESAR;AGUACHICA;20011;INVIAS-OTROS;67;2;Muy Bajo;8.326607;-73.590889
CESAR;CURUMANÍ;20228;INVIAS-OTROS;71;2;Muy Bajo;9.180451;-73.590203
CESAR;CHIRIGUANÁ;20178;ANI;32;7;Bajo;9.565552;-73.588815
CESAR;CHIRIGUANÁ;20178;ANI;30;4;Muy Bajo;9.54742;-73.583508
MAGDALENA;SANTA MARTA;47001;ANI;70;9;Bajo;11.256266;-73.582192
CESAR;RIO DE ORO;20614;INVIAS-OTROS;45;2;Muy Bajo;8.130999;-73.580761
CESAR;CHIRIGUANÁ;20178;ANI;28;4;Muy Bajo;9.527979;-73.577757
CESAR;VALLEDUPAR;20001;ANI;69;9;Bajo;10.192766;-73.576784
SANTANDER;SABANA DE TORRES;68655;INVIAS-OTROS;56;3;Muy Bajo;7.558565;-73.573551
CESAR;CHIRIGUANÁ;20178;ANI;26;4;Muy Bajo;9.509654;-73.57235
SANTANDER;SABANA DE TORRES;68655;INVIAS-OTROS;54;2;Muy Bajo;7.543917;-73.572178
CESAR;RIO DE ORO;20614;INVIAS-OTROS;41;2;Muy Bajo;8.110056;-73.569431
BOYACÁ;SÁCHICA;15638;INVIAS-OTROS;37;2;Muy Bajo;5.619335;-73.568402
CESAR;CHIRIGUANÁ;20178;ANI;24;2;Muy Bajo;9.495707;-73.568402
CESAR;CHIRIGUANÁ;20178;ANI;22;3;Muy Bajo;9.480257;-73.563709
CESAR;VALLEDUPAR;20001;ANI;71;8;Bajo;10.198896;-73.560848
CESAR;CHIRIGUANÁ;20178;ANI;20;2;Muy Bajo;9.467211;-73.55999
CESAR;CHIRIGUANÁ;20178;ANI;20;3;Muy Bajo;9.454451;-73.556156
SANTANDER;SABANA DE TORRES;68655;INVIAS-OTROS;50;3;Muy Bajo;7.507754;-73.555813
SANTANDER;SABANA DE TORRES;68655;INVIAS-OTROS;48;4;Muy Bajo;7.488599;-73.553896
SANTANDER;SABANA DE TORRES;68655;INVIAS-OTROS;46;2;Muy Bajo;7.464094;-73.552094
CESAR;VALLEDUPAR;20001;ANI;73;11;Bajo;10.203931;-73.547811
CESAR;CHIRIGUANÁ;20178;ANI;16;6;Muy Bajo;9.420576;-73.547116
CESAR;SAN MARTÍN;20770;INVIAS-OTROS;35;4;Muy Bajo;8.062592;-73.544483
SANTANDER;SABANA DE TORRES;68655;INVIAS-OTROS;42;5;Muy Bajo;7.44377;-73.5443
SANTANDER;SABANA DE TORRES;68655;INVIAS-OTROS;40;2;Muy Bajo;7.427702;-73.542824
CESAR;CHIRIGUANÁ;20178;ANI;14;3;Muy Bajo;9.401808;-73.541966
SANTANDER;SAN VICENTE DE CHUCURÍ;68689;ANI;3;7;Bajo;7.13641;-73.537897
CESAR;CHIRIGUANÁ;20178;ANI;12;3;Muy Bajo;9.385414;-73.537073
CESAR;VALLEDUPAR;20001;ANI;75;5;Muy Bajo;10.209303;-73.533245
CESAR;CHIRIGUANÁ;20178;ANI;8;5;Muy Bajo;9.357588;-73.528851
CESAR;CHIRIGUANÁ;20178;ANI;6;12;Bajo;9.346494;-73.525533
CESAR;CHIRIGUANÁ;20178;ANI;6;15;Medio;9.333165;-73.521524
CESAR;SAN MARTÍN;20770;INVIAS-OTROS;31;4;Muy Bajo;8.018418;-73.521137
NORTE DE SANTANDER;LA ESPERANZA;54385;INVIAS-OTROS;70;2;Muy Bajo;7.674465;-73.519821
META;RESTREPO;50606;ANI;21;2;Muy Bajo;4.269648;-73.519478
SANTANDER;SAN VICENTE DE CHUCURÍ;68689;ANI;5;4;Muy Bajo;7.129183;-73.519392
CESAR;VALLEDUPAR;20001;ANI;77;19;Medio;10.212324;-73.517016
CESAR;CURUMANÍ;20228;ANI;4;3;Muy Bajo;9.316607;-73.516445
CESAR;CURUMANÍ;20228;INVIAS-OTROS;81;2;Muy Bajo;9.23358;-73.516045
LA GUAJIRA;DIBULLA;44090;ANI;5;3;Muy Bajo;11.241903;-73.51347
CESAR;CURUMANÍ;20228;ANI;2;7;Bajo;9.301987;-73.513112
CESAR;SAN MARTÍN;20770;INVIAS-OTROS;27;4;Muy Bajo;7.985831;-73.504372
BOYACÁ;MONIQUIRÁ;15469;INVIAS-OTROS;22;2;Muy Bajo;5.821123;-73.504028
CESAR;VALLEDUPAR;20001;ANI;79;2;Muy Bajo;10.219689;-73.501282
SANTANDER;BETULIA;68092;ANI;7;12;Bajo;7.131915;-73.499651
CESAR;VALLEDUPAR;20001;ANI;81;3;Muy Bajo;10.230418;-73.480625
SANTANDER;BETULIA;68092;ANI;9;7;Bajo;7.130581;-73.476832
LA GUAJIRA;DIBULLA;44090;ANI;12;6;Muy Bajo;11.216412;-73.475418
CESAR;SAN MARTÍN;20770;INVIAS-OTROS;19;2;Muy Bajo;7.924919;-73.472614
CESAR;VALLEDUPAR;20001;ANI;83;11;Bajo;10.23485;-73.4692
CESAR;SAN MARTÍN;20770;INVIAS-OTROS;17;2;Muy Bajo;7.90844;-73.464375
META;CUMARAL;50226;ANI;29;3;Muy Bajo;4.261751;-73.45808
SANTANDER;BETULIA;68092;ANI;13;10;Bajo;7.125721;-73.457328
CESAR;VALLEDUPAR;20001;ANI;85;5;Muy Bajo;10.243223;-73.45689
CESAR;SAN ALBERTO;20710;INVIAS-OTROS;13;2;Muy Bajo;7.883034;-73.451157
CESAR;VALLEDUPAR;20001;ANI;85;14;Bajo;10.250134;-73.444634
CESAR;SAN ALBERTO;20710;INVIAS-OTROS;13;6;Muy Bajo;7.869959;-73.444462
LA GUAJIRA;DIBULLA;44090;ANI;16;2;Muy Bajo;11.20554;-73.438797
CESAR;SAN ALBERTO;20710;INVIAS-OTROS;9;11;Bajo;7.851866;-73.435272
META;VILLAVICENCIO;50001;ANI;21;2;Muy Bajo;4.059964;-73.434677
CESAR;VALLEDUPAR;20001;ANI;87;2;Muy Bajo;10.259686;-73.430729
CESAR;SAN ALBERTO;20710;INVIAS-OTROS;7;5;Muy Bajo;7.829836;-73.424137
SANTANDER;BETULIA;68092;ANI;17;3;Muy Bajo;7.106953;-73.420773
CESAR;SAN ALBERTO;20710;INVIAS-OTROS;5;5;Muy Bajo;7.814133;-73.416438
CESAR;VALLEDUPAR;20001;ANI;89;13;Bajo;10.269066;-73.416436
META;CUMARAL;50226;ANI;34;2;Muy Bajo;4.290161;-73.415966
META;VILLAVICENCIO;50001;ANI;24;2;Muy Bajo;4.062538;-73.409958
CESAR;SAN ALBERTO;20710;INVIAS-OTROS;3;3;Muy Bajo;7.796717;-73.40807
CUNDINAMARCA;PARATEBUENO;25530;ANI;38;2;Muy Bajo;4.323635;-73.404808
CESAR;VALLEDUPAR;20001;ANI;91;7;Bajo;10.281413;-73.404465
CESAR;SAN ALBERTO;20710;INVIAS-OTROS;90;2;Muy Bajo;7.766133;-73.399487
CESAR;VALLEDUPAR;20001;ANI;93;14;Bajo;10.291019;-73.397166
CUNDINAMARCA;PARATEBUENO;25530;ANI;41;2;Muy Bajo;4.331618;-73.392792
CESAR;VALLEDUPAR;20001;ANI;95;12;Bajo;10.313194;-73.385282
SANTANDER;GIRÓN;68307;ANI;sd;5;Muy Bajo;7.092769;-73.381891
CESAR;VALLEDUPAR;20001;ANI;97;7;Bajo;10.322538;-73.3718
CESAR;VALLEDUPAR;20001;ANI;99;10;Bajo;10.331912;-73.358864
LA GUAJIRA;DIBULLA;44090;ANI;26;5;Muy Bajo;11.216741;-73.353682
BOYACÁ;MOTAVITA;15476;INVIAS-OTROS;63;2;Muy Bajo;5.589895;-73.35228
BOYACÁ;CÓMBITA;15204;INVIAS-OTROS;55;2;Muy Bajo;5.628863;-73.351421
CESAR;VALLEDUPAR;20001;ANI;102;11;Bajo;10.343211;-73.343133
LA GUAJIRA;DIBULLA;44090;ANI;28;5;Muy Bajo;11.21517;-73.334736
CESAR;VALLEDUPAR;20001;ANI;104;9;Bajo;10.352445;-73.330243
CUNDINAMARCA;PARATEBUENO;25530;ANI;49;2;Muy Bajo;4.354105;-73.326531
META;VILLAVICENCIO;50001;ANI;34;2;Muy Bajo;4.100733;-73.322926
CESAR;VALLEDUPAR;20001;ANI;104;6;Muy Bajo;10.359063;-73.321009
LA GUAJIRA;DIBULLA;44090;ANI;30;2;Muy Bajo;11.213608;-73.314343
CESAR;VALLEDUPAR;20001;ANI;106;8;Bajo;10.369957;-73.314257
CESAR;VALLEDUPAR;20001;ANI;108;5;Muy Bajo;10.381943;-73.309158
SANTANDER;LEBRIJA;68406;ANI;39;2;Muy Bajo;7.149267;-73.305931
CUNDINAMARCA;PARATEBUENO;25530;ANI;53;2;Muy Bajo;4.369469;-73.305073
CESAR;VALLEDUPAR;20001;ANI;108;7;Bajo;10.396507;-73.303843
LA GUAJIRA;DIBULLA;44090;ANI;32;2;Muy Bajo;11.216011;-73.293228
CESAR;VALLEDUPAR;20001;ANI;110;4;Muy Bajo;10.406628;-73.292971
BOYACÁ;OICATÁ;15500;ANI;10;2;Muy Bajo;5.638561;-73.289623
SANTANDER;LEBRIJA;68406;ANI;43;5;Muy Bajo;7.162142;-73.28589
CESAR;VALLEDUPAR;20001;ANI;114;5;Muy Bajo;10.423994;-73.278637
SANTANDER;LEBRIJA;68406;ANI;49;6;Muy Bajo;7.148495;-73.278088
LA GUAJIRA;DIBULLA;44090;ANI;36;3;Muy Bajo;11.226282;-73.270626
CESAR;VALLEDUPAR;20001;ANI;116;2;Muy Bajo;10.4389;-73.267136
LA GUAJIRA;DIBULLA;44090;ANI;40;2;Muy Bajo;11.22056;-73.23864
BOYACÁ;TUTA;15837;ANI;22;4;Muy Bajo;5.724964;-73.223305
CESAR;VALLEDUPAR;20001;INVIAS-OTROS;17;7;Bajo;10.6202;-73.219551
LA GUAJIRA;DIBULLA;44090;ANI;42;2;Muy Bajo;11.230946;-73.219242
LA GUAJIRA;DIBULLA;44090;ANI;44;2;Muy Bajo;11.237126;-73.207569
CESAR;VALLEDUPAR;20001;INVIAS-OTROS;19;2;Muy Bajo;10.634852;-73.206196
SANTANDER;LEBRIJA;68406;DEPTO;63;2;Muy Bajo;7.10558;-73.198128
LA GUAJIRA;DIBULLA;44090;ANI;46;3;Muy Bajo;11.244786;-73.19345
CUNDINAMARCA;PARATEBUENO;25530;ANI;69;2;Muy Bajo;4.383889;-73.192292
BOYACÁ;SOTAQUIRÁ;15763;ANI;27;2;Muy Bajo;5.749283;-73.188858
CUNDINAMARCA;PARATEBUENO;25530;ANI;71;2;Muy Bajo;4.394446;-73.181305
LA GUAJIRA;DIBULLA;44090;ANI;48;3;Muy Bajo;11.253348;-73.177128
LA GUAJIRA;DIBULLA;44090;ANI;48;2;Muy Bajo;11.259785;-73.164482
CUNDINAMARCA;PARATEBUENO;25530;ANI;77;3;Muy Bajo;4.447432;-73.160649
CUNDINAMARCA;PARATEBUENO;25530;ANI;79;2;Muy Bajo;4.460535;-73.152123
CUNDINAMARCA;PARATEBUENO;25530;ANI;81;3;Muy Bajo;4.471579;-73.145428
LA GUAJIRA;RIOHACHA;44001;ANI;52;3;Muy Bajo;11.26874;-73.134899
LA GUAJIRA;RIOHACHA;44001;ANI;56;3;Muy Bajo;11.292358;-73.115816
LA GUAJIRA;RIOHACHA;44001;ANI;58;6;Muy Bajo;11.3132;-73.107491
LA GUAJIRA;RIOHACHA;44001;ANI;62;8;Bajo;11.344979;-73.094831
LA GUAJIRA;SAN JUAN DEL CESAR;44650;INVIAS-OTROS;37;2;Muy Bajo;10.716734;-73.094101
CUNDINAMARCA;PARATEBUENO;25530;ANI;89;4;Muy Bajo;4.504566;-73.091011
LA GUAJIRA;SAN JUAN DEL CESAR;44650;INVIAS-OTROS;39;3;Muy Bajo;10.728922;-73.086376
LA GUAJIRA;RIOHACHA;44001;ANI;66;6;Muy Bajo;11.382319;-73.077815
LA GUAJIRA;RIOHACHA;44001;ANI;70;4;Muy Bajo;11.40451;-73.065005
LA GUAJIRA;RIOHACHA;44001;ANI;72;3;Muy Bajo;11.423922;-73.057308
META;PUERTO LÓPEZ;50573;ANI;66;2;Muy Bajo;4.064341;-73.057022
LA GUAJIRA;RIOHACHA;44001;ANI;74;2;Muy Bajo;11.434708;-73.049641
META;BARRANCA DE UPÍA;50110;ANI;97;3;Muy Bajo;4.559012;-73.047123
LA GUAJIRA;SAN JUAN DEL CESAR;44650;INVIAS-OTROS;45;5;Muy Bajo;10.760894;-73.040285
LA GUAJIRA;RIOHACHA;44001;ANI;78;4;Muy Bajo;11.466208;-73.02475
META;BARRANCA DE UPÍA;50110;ANI;101;3;Muy Bajo;4.567995;-73.023033
LA GUAJIRA;RIOHACHA;44001;ANI;80;4;Muy Bajo;11.47934;-73.012963
LA GUAJIRA;SAN JUAN DEL CESAR;44650;INVIAS-OTROS;49;4;Muy Bajo;10.783897;-73.011704
CASANARE;SABANALARGA;85300;ANI;32;2;Muy Bajo;4.778796;-73.000546
LA GUAJIRA;SAN JUAN DEL CESAR;44650;INVIAS-OTROS;59;2;Muy Bajo;10.783854;-72.998314
META;PUERTO LÓPEZ;50573;ANI;74;2;Muy Bajo;4.07301;-72.997112
BOYACÁ;SANTA ROSA DE VITERBO;15693;INVIAS-OTROS;11;2;Muy Bajo;5.870304;-72.988701
LA GUAJIRA;RIOHACHA;44001;ANI;84;3;Muy Bajo;11.503887;-72.979946
META;PUERTO LÓPEZ;50573;ANI;77;2;Muy Bajo;4.076271;-72.978401
CASANARE;SABANALARGA;85300;ANI;38;3;Muy Bajo;4.820051;-72.969876
CASANARE;SABANALARGA;85300;ANI;24;2;Muy Bajo;4.742918;-72.9669
LA GUAJIRA;RIOHACHA;44001;ANI;86;5;Muy Bajo;11.513615;-72.962094
CASANARE;MONTERREY;85162;ANI;40;2;Muy Bajo;4.83244;-72.959175
LA GUAJIRA;RIOHACHA;44001;ANI;88;3;Muy Bajo;11.522799;-72.945271
BOYACÁ;CERINZA;15162;INVIAS-OTROS;24;10;Bajo;5.968816;-72.933748
CASANARE;MONTERREY;85162;ANI;46;4;Muy Bajo;4.863968;-72.91935
CASANARE;MONTERREY;85162;ANI;48;5;Muy Bajo;4.878059;-72.907705
BOYACÁ;TUTAZÁ;15839;INVIAS-OTROS;52;2;Muy Bajo;6.105309;-72.862187
META;PUERTO LÓPEZ;50573;ANI;19;3;Muy Bajo;4.116354;-72.803707
BOYACÁ;SATIVANORTE;15720;INVIAS-OTROS;60;2;Muy Bajo;6.130972;-72.802792
META;PUERTO LÓPEZ;50573;ANI;21;2;Muy Bajo;4.125881;-72.789745
META;PUERTO LÓPEZ;50573;ANI;23;2;Muy Bajo;4.132319;-72.772923
BOYACÁ;SATIVANORTE;15720;INVIAS-OTROS;64;8;Bajo;6.142719;-72.771476
LA GUAJIRA;HATO NUEVO;44378;INVIAS-OTROS;26;5;Muy Bajo;11.038041;-72.757688
LA GUAJIRA;HATO NUEVO;44378;INVIAS-OTROS;38;7;Bajo;11.101788;-72.724239
LA GUAJIRA;HATO NUEVO;44378;INVIAS-OTROS;40;2;Muy Bajo;11.12134;-72.703572
SANTANDER;CONCEPCIÓN;68207;INVIAS-OTROS;44;2;Muy Bajo;6.749897;-72.702542
CASANARE;TAURAMENA;85410;ANI;32;2;Muy Bajo;4.87793;-72.700482
LA GUAJIRA;HATO NUEVO;44378;INVIAS-OTROS;42;3;Muy Bajo;11.131597;-72.691555
LA GUAJIRA;HATO NUEVO;44378;INVIAS-OTROS;46;4;Muy Bajo;11.146188;-72.661514
NORTE DE SANTANDER;PAMPLONITA;54520;ANI;92;2;Muy Bajo;7.512932;-72.635594
META;PUERTO LÓPEZ;50573;ANI;41;3;Muy Bajo;4.176264;-72.63113
NORTE DE SANTANDER;CHINÁCOTA;54172;ANI;sd;3;Muy Bajo;7.635527;-72.628842
LA GUAJIRA;ALBANIA;44035;INVIAS-OTROS;50;4;Muy Bajo;11.168375;-72.625208
NORTE DE SANTANDER;PAMPLONA;54518;INVIAS-OTROS;60;13;Bajo;7.345699;-72.613699
CASANARE;AGUAZUL;85010;ANI;70;2;Muy Bajo;5.116453;-72.589932
NORTE DE SANTANDER;LOS PATIOS;54405;ANI;122;12;Bajo;7.730487;-72.558177
NORTE DE SANTANDER;LOS PATIOS;54405;ANI;124;6;Muy Bajo;7.743216;-72.545872
NORTE DE SANTANDER;LOS PATIOS;54405;ANI;126;17;Medio;7.752591;-72.534485
NORTE DE SANTANDER;LOS PATIOS;54405;ANI;128;19;Medio;7.769091;-72.525255
NORTE DE SANTANDER;LOS PATIOS;54405;ANI;130;20;Medio;7.789545;-72.521257
NORTE DE SANTANDER;LOS PATIOS;54405;ANI;1;2;Muy Bajo;7.824583;-72.509594
CASANARE;AGUAZUL;85010;ANI;90;2;Muy Bajo;5.241766;-72.49054
NORTE DE SANTANDER;LOS PATIOS;54405;CIUDAD;3;2;Muy Bajo;7.842093;-72.48951
NORTE DE SANTANDER;CÚCUTA;54001;CIUDAD;17;5;Muy Bajo;7.926104;-72.484051
NORTE DE SANTANDER;CÚCUTA;54001;CIUDAD;15;3;Muy Bajo;7.916594;-72.471829
NORTE DE SANTANDER;VILLA DEL ROSARIO;54874;CIUDAD;11;6;Muy Bajo;7.887097;-72.460041
CASANARE;YOPAL;85001;INVIAS-OTROS;20;6;Muy Bajo;5.424392;-72.274676
CASANARE;YOPAL;85001;INVIAS-OTROS;28;2;Muy Bajo;5.475054;-72.245236
CASANARE;NUNCHÍA;85225;INVIAS-OTROS;40;3;Muy Bajo;5.559597;-72.17022
CASANARE;NUNCHÍA;85225;INVIAS-OTROS;44;3;Muy Bajo;5.574575;-72.149534
META;PUERTO GAITÁN;50568;ANI;2;2;Muy Bajo;4.300204;-72.058811
CASANARE;PORE;85263;INVIAS-OTROS;68;8;Bajo;5.72053;-72.014265
VICHADA;PUERTO CARREÑO;99001;INVIAS-OTROS;50;8;Bajo;6.217432;-67.87694
VICHADA;PUERTO CARREÑO;99001;INVIAS-OTROS;71;5;Muy Bajo;6.246214;-67.702074
VICHADA;PUERTO CARREÑO;99001;INVIAS-OTROS;73;6;Muy Bajo;6.24321;-67.678414
VICHADA;PUERTO CARREÑO;99001;INVIAS-OTROS;84;4;Muy Bajo;6.210065;-67.590037
VICHADA;PUERTO CARREÑO;99001;INVIAS-OTROS;87;2;Muy Bajo;6.202898;-67.570725
