PK_m,Abscisa,Latitud,Longitud,Cota_terreno_msnm,Cota_rasante_msnm,Cobertura_m
0.0,K0+000.00,4.364,-75.196,951.0,951.0,-0.0
34.8,K0+034.83,4.364077,-75.196304,954.2,951.3,2.9
69.7,K0+069.66,4.364155,-75.196608,956.6,951.7,4.9
104.5,K0+104.49,4.364232,-75.196912,955.9,952.0,3.9
139.3,K0+139.32,4.36431,-75.197217,958.8,952.3,6.4
174.2,K0+174.16,4.364387,-75.197521,958.6,952.7,5.9
209.0,K0+208.99,4.364465,-75.197825,960.4,953.0,7.4
243.8,K0+243.82,4.364542,-75.198129,962.8,953.3,9.5
278.6,K0+278.65,4.36462,-75.198433,960.8,953.7,7.2
313.5,K0+313.48,4.364697,-75.198737,966.6,954.0,12.6
348.3,K0+348.31,4.364775,-75.199042,966.3,954.3,11.9
383.1,K0+383.14,4.364852,-75.199346,963.2,954.7,8.5
418.0,K0+417.97,4.36493,-75.19965,981.3,955.0,26.3
452.8,K0+452.80,4.365007,-75.199954,979.9,955.3,24.6
487.6,K0+487.64,4.365085,-75.200258,978.7,955.7,23.0
522.5,K0+522.47,4.365162,-75.200562,988.0,956.0,32.0
557.3,K0+557.30,4.36524,-75.200866,986.0,956.3,29.7
592.1,K0+592.13,4.365317,-75.201171,982.1,956.7,25.4
627.0,K0+626.96,4.365395,-75.201475,975.4,957.0,18.4
661.8,K0+661.79,4.365472,-75.201779,982.1,957.3,24.8
696.6,K0+696.62,4.36555,-75.202083,978.2,957.7,20.6
731.5,K0+731.45,4.365627,-75.202387,985.3,958.0,27.3
766.3,K0+766.28,4.365704,-75.202691,984.3,958.3,25.9
801.1,K0+801.12,4.365782,-75.202996,987.0,958.7,28.3
835.9,K0+835.95,4.365859,-75.2033,990.0,959.0,31.0
870.8,K0+870.78,4.365937,-75.203604,992.3,959.3,32.9
905.6,K0+905.61,4.366014,-75.203908,988.6,959.7,28.9
940.4,K0+940.44,4.366092,-75.204212,990.2,960.0,30.2
975.3,K0+975.27,4.366169,-75.204516,989.1,960.3,28.8
1010.1,K1+010.10,4.366247,-75.204821,991.6,960.7,30.9
1044.9,K1+044.93,4.366324,-75.205125,996.7,961.0,35.6
1079.8,K1+079.76,4.366402,-75.205429,991.1,961.4,29.8
1114.6,K1+114.60,4.366479,-75.205733,992.6,961.7,30.9
1149.4,K1+149.43,4.366557,-75.206037,994.3,962.0,32.3
1184.3,K1+184.26,4.366634,-75.206341,1003.0,962.4,40.7
1219.1,K1+219.09,4.366712,-75.206645,1007.7,962.7,45.0
1253.9,K1+253.92,4.366789,-75.20695,1010.2,963.0,47.2
1288.8,K1+288.75,4.366867,-75.207254,1010.9,963.4,47.6
1323.6,K1+323.58,4.366944,-75.207558,1019.7,963.7,56.0
1358.4,K1+358.41,4.367022,-75.207862,1030.8,964.0,66.7
1393.2,K1+393.24,4.367099,-75.208166,1046.6,964.4,82.3
1428.1,K1+428.08,4.367177,-75.20847,1063.6,964.7,98.9
1462.9,K1+462.91,4.367254,-75.208775,1087.3,965.0,122.3
1497.7,K1+497.74,4.367331,-75.209079,1100.5,965.4,135.1
1532.6,K1+532.57,4.367409,-75.209383,1096.5,965.7,130.8
1567.4,K1+567.40,4.367486,-75.209687,1099.3,966.0,133.3
1602.2,K1+602.23,4.367564,-75.209991,1098.7,966.4,132.3
1637.1,K1+637.06,4.367641,-75.210295,1095.9,966.7,129.2
1671.9,K1+671.89,4.367719,-75.2106,1111.4,967.0,144.4
1706.7,K1+706.72,4.367796,-75.210904,1117.9,967.4,150.5
1741.6,K1+741.55,4.367874,-75.211208,1129.8,967.7,162.2
1776.4,K1+776.39,4.367951,-75.211512,1111.5,968.0,143.5
1811.2,K1+811.22,4.368029,-75.211816,1105.8,968.4,137.5
1846.0,K1+846.05,4.368106,-75.21212,1121.1,968.7,152.4
1880.9,K1+880.88,4.368184,-75.212424,1143.9,969.0,174.9
1915.7,K1+915.71,4.368261,-75.212729,1126.8,969.4,157.4
1950.5,K1+950.54,4.368339,-75.213033,1118.7,969.7,149.0
1985.4,K1+985.37,4.368416,-75.213337,1131.2,970.0,161.2
2020.2,K2+020.20,4.368494,-75.213641,1154.7,970.4,184.3
2055.0,K2+055.03,4.368571,-75.213945,1171.8,970.7,201.1
2089.9,K2+089.87,4.368648,-75.214249,1163.9,971.0,192.9
2124.7,K2+124.70,4.368726,-75.214554,1154.8,971.4,183.5
2159.5,K2+159.53,4.368803,-75.214858,1143.5,971.7,171.8
2194.4,K2+194.36,4.368881,-75.215162,1162.3,972.0,190.3
2229.2,K2+229.19,4.368958,-75.215466,1159.1,972.4,186.8
2264.0,K2+264.02,4.369036,-75.21577,1147.4,972.7,174.7
2298.9,K2+298.85,4.369113,-75.216074,1144.7,973.0,171.7
2333.7,K2+333.68,4.369191,-75.216379,1146.5,973.4,173.2
2368.5,K2+368.51,4.369268,-75.216683,1148.7,973.7,175.0
2403.3,K2+403.35,4.369346,-75.216987,1150.7,974.0,176.6
2438.2,K2+438.18,4.369423,-75.217291,1160.2,974.4,185.9
2473.0,K2+473.01,4.369501,-75.217595,1177.7,974.7,203.0
2507.8,K2+507.84,4.369578,-75.217899,1197.4,975.0,222.3
2542.7,K2+542.67,4.369656,-75.218204,1199.6,975.4,224.2
2577.5,K2+577.50,4.369733,-75.218508,1200.6,975.7,224.9
2612.3,K2+612.33,4.369811,-75.218812,1203.6,976.0,227.6
2647.2,K2+647.16,4.369888,-75.219116,1183.6,976.4,207.2
2682.0,K2+681.99,4.369965,-75.21942,1178.7,976.7,202.0
2716.8,K2+716.83,4.370043,-75.219724,1182.3,977.0,205.3
2751.7,K2+751.66,4.37012,-75.220028,1188.8,977.4,211.4
2786.5,K2+786.49,4.370198,-75.220333,1194.4,977.7,216.7
2821.3,K2+821.32,4.370275,-75.220637,1203.8,978.0,225.8
2856.2,K2+856.15,4.370353,-75.220941,1216.8,978.4,238.5
2891.0,K2+890.98,4.37043,-75.221245,1241.2,978.7,262.5
2925.8,K2+925.81,4.370508,-75.221549,1262.3,979.0,283.3
2960.6,K2+960.64,4.370585,-75.221853,1281.5,979.4,302.2
2995.5,K2+995.47,4.370663,-75.222158,1299.8,979.7,320.1
3030.3,K3+030.31,4.37074,-75.222462,1315.7,980.0,335.6
3065.1,K3+065.14,4.370818,-75.222766,1312.8,980.4,332.4
3100.0,K3+099.97,4.370895,-75.22307,1307.4,980.7,326.7
3134.8,K3+134.80,4.370973,-75.223374,1297.3,981.1,316.3
3169.6,K3+169.63,4.37105,-75.223678,1300.5,981.4,319.1
3204.5,K3+204.46,4.371127,-75.223983,1300.6,981.7,318.9
3239.3,K3+239.29,4.371205,-75.224287,1293.9,982.1,311.9
3274.1,K3+274.12,4.371282,-75.224591,1254.1,982.4,271.7
3309.0,K3+308.95,4.37136,-75.224895,1239.8,982.7,257.1
3343.8,K3+343.79,4.371437,-75.225199,1224.7,983.1,241.7
3378.6,K3+378.62,4.371515,-75.225503,1211.9,983.4,228.6
3413.4,K3+413.45,4.371592,-75.225808,1186.7,983.7,203.0
3448.3,K3+448.28,4.37167,-75.226112,1181.2,984.1,197.1
3483.1,K3+483.11,4.371747,-75.226416,1176.9,984.4,192.5
3517.9,K3+517.94,4.371825,-75.22672,1174.5,984.7,189.7
3552.8,K3+552.77,4.371902,-75.227024,1188.5,985.1,203.4
3587.6,K3+587.60,4.37198,-75.227328,1209.8,985.4,224.4
3622.4,K3+622.43,4.372057,-75.227633,1219.1,985.7,233.3
3657.3,K3+657.27,4.372135,-75.227937,1228.7,986.1,242.6
3692.1,K3+692.10,4.372212,-75.228241,1212.9,986.4,226.5
3726.9,K3+726.93,4.372289,-75.228545,1194.8,986.7,208.1
3761.8,K3+761.76,4.372367,-75.228849,1195.7,987.1,208.7
3796.6,K3+796.59,4.372444,-75.229153,1194.7,987.4,207.3
3831.4,K3+831.42,4.372522,-75.229458,1207.4,987.7,219.7
3866.3,K3+866.25,4.372599,-75.229762,1225.8,988.1,237.8
3901.1,K3+901.08,4.372677,-75.230066,1251.0,988.4,262.6
3935.9,K3+935.91,4.372754,-75.23037,1275.8,988.7,287.0
3970.7,K3+970.75,4.372832,-75.230674,1289.1,989.1,300.1
4005.6,K4+005.58,4.372909,-75.230978,1297.5,989.4,308.1
4040.4,K4+040.41,4.372987,-75.231282,1314.2,989.7,324.5
4075.2,K4+075.24,4.373064,-75.231587,1306.2,990.1,316.1
4110.1,K4+110.07,4.373142,-75.231891,1297.9,990.4,307.5
4144.9,K4+144.90,4.373219,-75.232195,1307.3,990.7,316.6
4179.7,K4+179.73,4.373297,-75.232499,1290.5,991.1,299.4
4214.6,K4+214.56,4.373374,-75.232803,1280.7,991.4,289.3
4249.4,K4+249.39,4.373451,-75.233107,1281.3,991.7,289.5
4284.2,K4+284.23,4.373529,-75.233412,1311.5,992.1,319.4
4319.1,K4+319.06,4.373606,-75.233716,1333.9,992.4,341.5
4353.9,K4+353.89,4.373684,-75.23402,1349.1,992.7,356.4
4388.7,K4+388.72,4.373761,-75.234324,1383.9,993.1,390.8
4423.5,K4+423.55,4.373839,-75.234628,1388.5,993.4,395.1
4458.4,K4+458.38,4.373916,-75.234932,1403.6,993.7,409.9
4493.2,K4+493.21,4.373994,-75.235237,1426.5,994.1,432.4
4528.0,K4+528.04,4.374071,-75.235541,1457.5,994.4,463.1
4562.9,K4+562.87,4.374149,-75.235845,1473.5,994.7,478.7
4597.7,K4+597.70,4.374226,-75.236149,1473.9,995.1,478.8
4632.5,K4+632.54,4.374304,-75.236453,1468.7,995.4,473.3
4667.4,K4+667.37,4.374381,-75.236757,1486.2,995.7,490.4
4702.2,K4+702.20,4.374458,-75.237062,1474.3,996.1,478.2
4737.0,K4+737.03,4.374536,-75.237366,1451.7,996.4,455.3
4771.9,K4+771.86,4.374613,-75.23767,1470.5,996.7,473.8
4806.7,K4+806.69,4.374691,-75.237974,1454.0,997.1,456.9
4841.5,K4+841.52,4.374768,-75.238278,1449.6,997.4,452.2
4876.4,K4+876.35,4.374846,-75.238582,1458.7,997.7,460.9
4911.2,K4+911.18,4.374923,-75.238887,1493.1,998.1,495.0
4946.0,K4+946.02,4.375001,-75.239191,1502.2,998.4,503.8
4980.8,K4+980.85,4.375078,-75.239495,1514.3,998.7,515.5
5015.7,K5+015.68,4.375156,-75.239799,1552.7,999.1,553.6
5050.5,K5+050.51,4.375233,-75.240103,1572.2,999.4,572.7
5085.3,K5+085.34,4.375311,-75.240407,1582.2,999.7,582.4
5120.2,K5+120.17,4.375388,-75.240712,1590.3,1000.1,590.2
5155.0,K5+155.00,4.375465,-75.241016,1608.1,1000.4,607.6
5189.8,K5+189.83,4.375543,-75.24132,1607.2,1000.7,606.4
5224.7,K5+224.66,4.37562,-75.241624,1614.9,1001.1,613.9
5259.5,K5+259.50,4.375698,-75.241928,1640.8,1001.4,639.4
5294.3,K5+294.33,4.375775,-75.242232,1646.1,1001.8,644.3
5329.2,K5+329.16,4.375853,-75.242537,1645.6,1002.1,643.6
5364.0,K5+363.99,4.37593,-75.242841,1645.2,1002.4,642.8
5398.8,K5+398.82,4.376008,-75.243145,1681.7,1002.8,678.9
5433.7,K5+433.65,4.376085,-75.243449,1694.4,1003.1,691.4
5468.5,K5+468.48,4.376163,-75.243753,1717.8,1003.4,714.4
5503.3,K5+503.31,4.37624,-75.244057,1738.9,1003.8,735.2
5538.1,K5+538.14,4.376317,-75.244362,1760.1,1004.1,756.0
5573.0,K5+572.98,4.376395,-75.244666,1746.5,1004.4,742.1
5607.8,K5+607.81,4.376472,-75.24497,1730.9,1004.8,726.2
5642.6,K5+642.64,4.37655,-75.245274,1733.8,1005.1,728.7
5677.5,K5+677.47,4.376627,-75.245578,1713.3,1005.4,707.9
5712.3,K5+712.30,4.376705,-75.245882,1695.5,1005.8,689.7
5747.1,K5+747.13,4.376782,-75.246187,1677.9,1006.1,671.8
5782.0,K5+781.96,4.37686,-75.246491,1654.5,1006.4,648.0
5816.8,K5+816.79,4.376937,-75.246795,1633.4,1006.8,626.6
5851.6,K5+851.62,4.377015,-75.247099,1582.1,1007.1,575.0
5886.5,K5+886.46,4.377092,-75.247403,1551.5,1007.4,544.1
5921.3,K5+921.29,4.37717,-75.247707,1533.3,1007.8,525.5
5956.1,K5+956.12,4.377247,-75.248012,1529.9,1008.1,521.8
5990.9,K5+990.95,4.377324,-75.248316,1539.6,1008.4,531.1
6025.8,K6+025.78,4.377402,-75.24862,1572.1,1008.8,563.3
6060.6,K6+060.61,4.377479,-75.248924,1567.9,1009.1,558.8
6095.4,K6+095.44,4.377557,-75.249228,1570.5,1009.4,561.1
6130.3,K6+130.27,4.377634,-75.249532,1562.8,1009.8,553.1
6165.1,K6+165.10,4.377712,-75.249837,1572.5,1010.1,562.4
6199.9,K6+199.94,4.377789,-75.250141,1563.9,1010.4,553.4
6234.8,K6+234.77,4.377867,-75.250445,1567.0,1010.8,556.2
6269.6,K6+269.60,4.377944,-75.250749,1551.5,1011.1,540.4
6304.4,K6+304.43,4.378022,-75.251053,1524.9,1011.4,513.5
6339.3,K6+339.26,4.378099,-75.251357,1500.4,1011.8,488.6
6374.1,K6+374.09,4.378176,-75.251662,1484.1,1012.1,472.0
6408.9,K6+408.92,4.378254,-75.251966,1480.4,1012.4,467.9
6443.8,K6+443.75,4.378331,-75.25227,1491.3,1012.8,478.6
6478.6,K6+478.58,4.378409,-75.252574,1499.5,1013.1,486.3
6513.4,K6+513.42,4.378486,-75.252878,1518.9,1013.4,505.5
6548.2,K6+548.25,4.378564,-75.253182,1516.5,1013.8,502.7
6583.1,K6+583.08,4.378641,-75.253487,1554.1,1014.1,540.0
6617.9,K6+617.91,4.378719,-75.253791,1573.4,1014.4,559.0
6652.7,K6+652.74,4.378796,-75.254095,1606.1,1014.8,591.3
6687.6,K6+687.57,4.378874,-75.254399,1620.0,1015.1,604.9
6722.4,K6+722.40,4.378951,-75.254703,1609.9,1015.4,594.4
6757.2,K6+757.23,4.379028,-75.255007,1591.9,1015.8,576.1
6792.1,K6+792.06,4.379106,-75.255312,1566.7,1016.1,550.6
6826.9,K6+826.90,4.379183,-75.255616,1542.3,1016.4,525.9
6861.7,K6+861.73,4.379261,-75.25592,1518.3,1016.8,501.6
6896.6,K6+896.56,4.379338,-75.256224,1495.1,1017.1,478.0
6931.4,K6+931.39,4.379416,-75.256528,1471.0,1017.4,453.5
6966.2,K6+966.22,4.379493,-75.256832,1472.5,1017.8,454.7
7001.1,K7+001.05,4.379571,-75.257137,1477.7,1018.1,459.6
7035.9,K7+035.88,4.379648,-75.257441,1499.3,1018.4,480.8
7070.7,K7+070.71,4.379726,-75.257745,1490.6,1018.8,471.8
7105.5,K7+105.54,4.379803,-75.258049,1474.6,1019.1,455.5
7140.4,K7+140.38,4.37988,-75.258353,1488.2,1019.4,468.8
7175.2,K7+175.21,4.379958,-75.258657,1477.9,1019.8,458.1
7210.0,K7+210.04,4.380035,-75.258962,1485.2,1020.1,465.1
7244.9,K7+244.87,4.380113,-75.259266,1506.7,1020.4,486.2
7279.7,K7+279.70,4.38019,-75.25957,1526.8,1020.8,506.0
7314.5,K7+314.53,4.380268,-75.259874,1581.6,1021.1,560.5
7349.4,K7+349.36,4.380345,-75.260178,1595.0,1021.5,573.6
7384.2,K7+384.19,4.380423,-75.260482,1617.5,1021.8,595.7
7419.0,K7+419.02,4.3805,-75.260787,1623.8,1022.1,601.7
7453.9,K7+453.85,4.380578,-75.261091,1632.1,1022.5,609.6
7488.7,K7+488.69,4.380655,-75.261395,1648.6,1022.8,625.8
7523.5,K7+523.52,4.380732,-75.261699,1684.0,1023.1,660.9
7558.3,K7+558.35,4.38081,-75.262003,1697.2,1023.5,673.8
7593.2,K7+593.18,4.380887,-75.262307,1689.6,1023.8,665.8
7628.0,K7+628.01,4.380965,-75.262612,1674.7,1024.1,650.6
7662.8,K7+662.84,4.381042,-75.262916,1667.1,1024.5,642.7
7697.7,K7+697.67,4.38112,-75.26322,1621.2,1024.8,596.4
7732.5,K7+732.50,4.381197,-75.263524,1595.5,1025.1,570.4
7767.3,K7+767.33,4.381275,-75.263828,1559.0,1025.5,533.5
7802.2,K7+802.17,4.381352,-75.264132,1535.2,1025.8,509.4
7837.0,K7+837.00,4.381429,-75.264437,1509.3,1026.1,483.2
7871.8,K7+871.83,4.381507,-75.264741,1486.5,1026.5,460.0
7906.7,K7+906.66,4.381584,-75.265045,1479.1,1026.8,452.3
7941.5,K7+941.49,4.381662,-75.265349,1473.3,1027.1,446.2
7976.3,K7+976.32,4.381739,-75.265653,1464.6,1027.5,437.1
8011.2,K8+011.15,4.381817,-75.265957,1481.0,1027.8,453.2
8046.0,K8+045.98,4.381894,-75.266262,1455.3,1028.1,427.2
8080.8,K8+080.81,4.381972,-75.266566,1436.3,1028.5,407.9
8115.6,K8+115.65,4.382049,-75.26687,1431.1,1028.8,402.4
8150.5,K8+150.48,4.382127,-75.267174,1457.2,1029.1,428.1
8185.3,K8+185.31,4.382204,-75.267478,1455.7,1029.5,426.2
8220.1,K8+220.14,4.382281,-75.267782,1443.6,1029.8,413.8
8255.0,K8+254.97,4.382359,-75.268087,1428.3,1030.1,398.2
8289.8,K8+289.80,4.382436,-75.268391,1428.8,1030.5,398.3
8324.6,K8+324.63,4.382514,-75.268695,1444.2,1030.8,413.4
8359.5,K8+359.46,4.382591,-75.268999,1466.3,1031.1,435.2
8394.3,K8+394.29,4.382669,-75.269303,1483.1,1031.5,451.7
8429.1,K8+429.13,4.382746,-75.269608,1522.5,1031.8,490.7
8464.0,K8+463.96,4.382824,-75.269912,1547.7,1032.1,515.5
8498.8,K8+498.79,4.382901,-75.270216,1572.4,1032.5,540.0
8533.6,K8+533.62,4.382978,-75.27052,1580.5,1032.8,547.7
8568.5,K8+568.45,4.383056,-75.270824,1593.8,1033.1,560.7
8603.3,K8+603.28,4.383133,-75.271128,1595.4,1033.5,561.9
8638.1,K8+638.11,4.383211,-75.271433,1627.0,1033.8,593.2
8672.9,K8+672.94,4.383288,-75.271737,1634.9,1034.1,600.7
8707.8,K8+707.77,4.383366,-75.272041,1630.0,1034.5,595.5
8742.6,K8+742.61,4.383443,-75.272345,1605.4,1034.8,570.6
8777.4,K8+777.44,4.383521,-75.272649,1566.2,1035.1,531.1
8812.3,K8+812.27,4.383598,-75.272953,1546.9,1035.5,511.4
8847.1,K8+847.10,4.383676,-75.273258,1527.2,1035.8,491.4
8881.9,K8+881.93,4.383753,-75.273562,1527.5,1036.1,491.4
8916.8,K8+916.76,4.38383,-75.273866,1540.3,1036.5,503.8
8951.6,K8+951.59,4.383908,-75.27417,1560.4,1036.8,523.6
8986.4,K8+986.42,4.383985,-75.274474,1581.7,1037.1,544.6
9021.3,K9+021.25,4.384063,-75.274778,1597.8,1037.5,560.4
9056.1,K9+056.09,4.38414,-75.275083,1573.2,1037.8,535.4
9090.9,K9+090.92,4.384218,-75.275387,1550.8,1038.1,512.7
9125.7,K9+125.75,4.384295,-75.275691,1533.2,1038.5,494.7
9160.6,K9+160.58,4.384373,-75.275995,1528.6,1038.8,489.8
9195.4,K9+195.41,4.38445,-75.276299,1537.7,1039.1,498.5
9230.2,K9+230.24,4.384527,-75.276603,1539.2,1039.5,499.7
9265.1,K9+265.07,4.384605,-75.276908,1565.1,1039.8,525.3
9299.9,K9+299.90,4.384682,-75.277212,1572.2,1040.1,532.1
9334.7,K9+334.73,4.38476,-75.277516,1574.9,1040.5,534.4
9369.6,K9+369.57,4.384837,-75.27782,1565.6,1040.8,524.8
9404.4,K9+404.40,4.384915,-75.278124,1540.3,1041.2,499.2
9439.2,K9+439.23,4.384992,-75.278428,1514.5,1041.5,473.0
9474.1,K9+474.06,4.38507,-75.278733,1494.7,1041.8,452.9
9508.9,K9+508.89,4.385147,-75.279037,1459.0,1042.2,416.8
9543.7,K9+543.72,4.385224,-75.279341,1454.7,1042.5,412.2
9578.6,K9+578.55,4.385302,-75.279645,1456.6,1042.8,413.8
9613.4,K9+613.38,4.385379,-75.279949,1452.7,1043.2,409.6
9648.2,K9+648.21,4.385457,-75.280254,1458.4,1043.5,414.9
9683.0,K9+683.05,4.385534,-75.280558,1452.0,1043.8,408.2
9717.9,K9+717.88,4.385612,-75.280862,1459.6,1044.2,415.4
9752.7,K9+752.71,4.385689,-75.281166,1460.9,1044.5,416.4
9787.5,K9+787.54,4.385767,-75.28147,1481.5,1044.8,436.7
9822.4,K9+822.37,4.385844,-75.281774,1494.2,1045.2,449.0
9857.2,K9+857.20,4.385921,-75.282079,1515.7,1045.5,470.2
9892.0,K9+892.03,4.385999,-75.282383,1568.0,1045.8,522.2
9926.9,K9+926.86,4.386076,-75.282687,1573.9,1046.2,527.7
9961.7,K9+961.69,4.386154,-75.282991,1563.2,1046.5,516.7
9996.5,K9+996.53,4.386231,-75.283295,1545.6,1046.8,498.8
10031.4,K10+031.36,4.386309,-75.283599,1564.0,1047.2,516.8
10066.2,K10+066.19,4.386386,-75.283904,1548.3,1047.5,500.8
10101.0,K10+101.02,4.386464,-75.284208,1529.5,1047.8,481.7
10135.8,K10+135.85,4.386541,-75.284512,1504.7,1048.2,456.6
10170.7,K10+170.68,4.386618,-75.284816,1483.6,1048.5,435.1
10205.5,K10+205.51,4.386696,-75.28512,1463.4,1048.8,414.6
10240.3,K10+240.34,4.386773,-75.285424,1461.6,1049.2,412.5
10275.2,K10+275.17,4.386851,-75.285729,1493.2,1049.5,443.7
10310.0,K10+310.00,4.386928,-75.286033,1497.8,1049.8,447.9
10344.8,K10+344.84,4.387006,-75.286337,1493.9,1050.2,443.8
10379.7,K10+379.67,4.387083,-75.286641,1483.8,1050.5,433.3
10414.5,K10+414.50,4.38716,-75.286945,1482.4,1050.8,431.5
10449.3,K10+449.33,4.387238,-75.28725,1474.8,1051.2,423.6
10484.2,K10+484.16,4.387315,-75.287554,1458.7,1051.5,407.2
10519.0,K10+518.99,4.387393,-75.287858,1446.4,1051.8,394.6
10553.8,K10+553.82,4.38747,-75.288162,1446.0,1052.2,393.8
10588.7,K10+588.65,4.387548,-75.288466,1437.9,1052.5,385.4
10623.5,K10+623.48,4.387625,-75.28877,1391.2,1052.8,338.4
10658.3,K10+658.32,4.387703,-75.289075,1370.8,1053.2,317.6
10693.1,K10+693.15,4.38778,-75.289379,1349.7,1053.5,296.2
10728.0,K10+727.98,4.387857,-75.289683,1327.8,1053.8,273.9
10762.8,K10+762.81,4.387935,-75.289987,1306.6,1054.2,252.5
10797.6,K10+797.64,4.388012,-75.290291,1282.8,1054.5,228.3
10832.5,K10+832.47,4.38809,-75.290595,1270.3,1054.8,215.4
10867.3,K10+867.30,4.388167,-75.2909,1251.3,1055.2,196.1
10902.1,K10+902.13,4.388245,-75.291204,1235.6,1055.5,180.1
10937.0,K10+936.96,4.388322,-75.291508,1204.5,1055.8,148.6
10971.8,K10+971.80,4.3884,-75.291812,1158.4,1056.2,102.2
11006.6,K11+006.63,4.388477,-75.292116,1129.9,1056.5,73.4
11041.5,K11+041.46,4.388554,-75.29242,1126.2,1056.8,69.4
11076.3,K11+076.29,4.388632,-75.292725,1139.1,1057.2,81.9
11111.1,K11+111.12,4.388709,-75.293029,1159.5,1057.5,102.0
11146.0,K11+145.95,4.388787,-75.293333,1188.3,1057.8,130.5
11180.8,K11+180.78,4.388864,-75.293637,1213.6,1058.2,155.5
11215.6,K11+215.61,4.388942,-75.293941,1233.1,1058.5,174.6
11250.4,K11+250.44,4.389019,-75.294246,1240.3,1058.8,181.5
11285.3,K11+285.28,4.389096,-75.29455,1259.9,1059.2,200.7
11320.1,K11+320.11,4.389174,-75.294854,1259.6,1059.5,200.1
11354.9,K11+354.94,4.389251,-75.295158,1257.2,1059.8,197.4
11389.8,K11+389.77,4.389329,-75.295462,1285.1,1060.2,224.9
11424.6,K11+424.60,4.389406,-75.295766,1288.0,1060.5,227.5
11459.4,K11+459.43,4.389484,-75.296071,1286.4,1060.8,225.5
11494.3,K11+494.26,4.389561,-75.296375,1292.0,1061.2,230.8
11529.1,K11+529.09,4.389639,-75.296679,1317.0,1061.5,255.5
11563.9,K11+563.92,4.389716,-75.296983,1309.9,1061.9,248.0
11598.8,K11+598.76,4.389793,-75.297287,1296.5,1062.2,234.3
11633.6,K11+633.59,4.389871,-75.297591,1303.0,1062.5,240.5
11668.4,K11+668.42,4.389948,-75.297896,1295.7,1062.9,232.8
11703.2,K11+703.25,4.390026,-75.2982,1286.9,1063.2,223.7
11738.1,K11+738.08,4.390103,-75.298504,1293.3,1063.5,229.8
11772.9,K11+772.91,4.390181,-75.298808,1324.5,1063.9,260.6
11807.7,K11+807.74,4.390258,-75.299112,1323.2,1064.2,259.1
11842.6,K11+842.57,4.390335,-75.299417,1318.9,1064.5,254.4
11877.4,K11+877.40,4.390413,-75.299721,1329.9,1064.9,265.1
11912.2,K11+912.24,4.39049,-75.300025,1369.1,1065.2,303.9
11947.1,K11+947.07,4.390568,-75.300329,1376.0,1065.5,310.5
11981.9,K11+981.90,4.390645,-75.300633,1378.7,1065.9,312.8
12016.7,K12+016.73,4.390723,-75.300937,1398.7,1066.2,332.5
12051.6,K12+051.56,4.3908,-75.301242,1415.7,1066.5,349.2
12086.4,K12+086.39,4.390878,-75.301546,1425.9,1066.9,359.1
12121.2,K12+121.22,4.390955,-75.30185,1432.4,1067.2,365.2
12156.1,K12+156.05,4.391032,-75.302154,1445.0,1067.5,377.5
12190.9,K12+190.88,4.39111,-75.302458,1447.6,1067.9,379.7
12225.7,K12+225.72,4.391187,-75.302762,1448.7,1068.2,380.5
12260.5,K12+260.55,4.391265,-75.303067,1424.1,1068.5,355.6
12295.4,K12+295.38,4.391342,-75.303371,1410.7,1068.9,341.9
12330.2,K12+330.21,4.39142,-75.303675,1393.3,1069.2,324.1
12365.0,K12+365.04,4.391497,-75.303979,1382.9,1069.5,313.4
12399.9,K12+399.87,4.391574,-75.304283,1354.3,1069.9,284.4
12434.7,K12+434.70,4.391652,-75.304588,1339.9,1070.2,269.7
12469.5,K12+469.53,4.391729,-75.304892,1342.7,1070.5,272.1
12504.4,K12+504.36,4.391807,-75.305196,1345.2,1070.9,274.4
12539.2,K12+539.20,4.391884,-75.3055,1362.5,1071.2,291.3
12574.0,K12+574.03,4.391962,-75.305804,1372.2,1071.5,300.7
12608.9,K12+608.86,4.392039,-75.306108,1379.3,1071.9,307.4
12643.7,K12+643.69,4.392116,-75.306413,1378.9,1072.2,306.7
12678.5,K12+678.52,4.392194,-75.306717,1385.1,1072.5,312.6
12713.4,K12+713.35,4.392271,-75.307021,1390.8,1072.9,317.9
12748.2,K12+748.18,4.392349,-75.307325,1388.9,1073.2,315.7
12783.0,K12+783.01,4.392426,-75.307629,1355.7,1073.5,282.2
12817.8,K12+817.84,4.392504,-75.307934,1352.3,1073.9,278.5
12852.7,K12+852.68,4.392581,-75.308238,1351.9,1074.2,277.7
12887.5,K12+887.51,4.392659,-75.308542,1338.0,1074.5,263.4
12922.3,K12+922.34,4.392736,-75.308846,1327.7,1074.9,252.9
12957.2,K12+957.17,4.392813,-75.30915,1320.7,1075.2,245.5
12992.0,K12+992.00,4.392891,-75.309454,1313.2,1075.5,237.7
13026.8,K13+026.83,4.392968,-75.309759,1292.8,1075.9,216.9
13061.7,K13+061.66,4.393046,-75.310063,1279.4,1076.2,203.1
13096.5,K13+096.49,4.393123,-75.310367,1265.8,1076.5,189.2
13131.3,K13+131.32,4.393201,-75.310671,1242.8,1076.9,166.0
13166.2,K13+166.15,4.393278,-75.310975,1248.3,1077.2,171.1
13201.0,K13+200.99,4.393355,-75.311279,1249.3,1077.5,171.7
13235.8,K13+235.82,4.393433,-75.311584,1261.7,1077.9,183.8
13270.6,K13+270.65,4.39351,-75.311888,1274.7,1078.2,196.5
13305.5,K13+305.48,4.393588,-75.312192,1293.2,1078.5,214.6
13340.3,K13+340.31,4.393665,-75.312496,1305.9,1078.9,227.0
13375.1,K13+375.14,4.393743,-75.3128,1316.4,1079.2,237.2
13410.0,K13+409.97,4.39382,-75.313105,1334.1,1079.5,254.6
13444.8,K13+444.80,4.393897,-75.313409,1353.2,1079.9,273.3
13479.6,K13+479.63,4.393975,-75.313713,1370.5,1080.2,290.3
13514.5,K13+514.47,4.394052,-75.314017,1390.6,1080.5,310.1
13549.3,K13+549.30,4.39413,-75.314321,1408.6,1080.9,327.7
13584.1,K13+584.13,4.394207,-75.314625,1422.1,1081.2,340.8
13619.0,K13+618.96,4.394285,-75.31493,1431.1,1081.6,349.6
13653.8,K13+653.79,4.394362,-75.315234,1454.2,1081.9,372.3
13688.6,K13+688.62,4.394439,-75.315538,1460.2,1082.2,377.9
13723.5,K13+723.45,4.394517,-75.315842,1470.4,1082.6,387.9
13758.3,K13+758.28,4.394594,-75.316146,1489.1,1082.9,406.2
13793.1,K13+793.11,4.394672,-75.316451,1498.5,1083.2,415.3
13827.9,K13+827.95,4.394749,-75.316755,1503.4,1083.6,419.8
13862.8,K13+862.78,4.394827,-75.317059,1504.1,1083.9,420.2
13897.6,K13+897.61,4.394904,-75.317363,1516.4,1084.2,432.2
13932.4,K13+932.44,4.394981,-75.317667,1514.2,1084.6,429.7
13967.3,K13+967.27,4.395059,-75.317971,1508.0,1084.9,423.1
14002.1,K14+002.10,4.395136,-75.318276,1502.5,1085.2,417.2
14036.9,K14+036.93,4.395214,-75.31858,1523.1,1085.6,437.5
14071.8,K14+071.76,4.395291,-75.318884,1528.9,1085.9,443.1
14106.6,K14+106.59,4.395369,-75.319188,1535.0,1086.2,448.8
14141.4,K14+141.43,4.395446,-75.319492,1554.0,1086.6,467.5
14176.3,K14+176.26,4.395523,-75.319797,1545.8,1086.9,458.9
14211.1,K14+211.09,4.395601,-75.320101,1549.1,1087.2,461.9
14245.9,K14+245.92,4.395678,-75.320405,1554.0,1087.6,466.4
14280.8,K14+280.75,4.395756,-75.320709,1540.0,1087.9,452.1
14315.6,K14+315.58,4.395833,-75.321013,1522.4,1088.2,434.1
14350.4,K14+350.41,4.395911,-75.321317,1517.8,1088.6,429.3
14385.2,K14+385.24,4.395988,-75.321622,1542.1,1088.9,453.2
14420.1,K14+420.07,4.396065,-75.321926,1539.8,1089.2,450.6
14454.9,K14+454.91,4.396143,-75.32223,1539.1,1089.6,449.5
14489.7,K14+489.74,4.39622,-75.322534,1545.1,1089.9,455.2
14524.6,K14+524.57,4.396298,-75.322838,1549.5,1090.2,459.2
14559.4,K14+559.40,4.396375,-75.323143,1550.0,1090.6,459.4
14594.2,K14+594.23,4.396453,-75.323447,1556.8,1090.9,465.9
14629.1,K14+629.06,4.39653,-75.323751,1583.4,1091.2,492.2
14663.9,K14+663.89,4.396607,-75.324055,1603.9,1091.6,512.3
14698.7,K14+698.72,4.396685,-75.324359,1617.0,1091.9,525.1
14733.6,K14+733.55,4.396762,-75.324663,1631.4,1092.2,539.1
14768.4,K14+768.39,4.39684,-75.324968,1638.6,1092.6,546.1
14803.2,K14+803.22,4.396917,-75.325272,1667.5,1092.9,574.6
14838.0,K14+838.05,4.396995,-75.325576,1683.6,1093.2,590.4
14872.9,K14+872.88,4.397072,-75.32588,1683.2,1093.6,589.6
14907.7,K14+907.71,4.397149,-75.326184,1663.5,1093.9,569.6
14942.5,K14+942.54,4.397227,-75.326489,1675.9,1094.2,581.7
14977.4,K14+977.37,4.397304,-75.326793,1694.0,1094.6,599.5
15012.2,K15+012.20,4.397382,-75.327097,1731.5,1094.9,636.6
15047.0,K15+047.03,4.397459,-75.327401,1746.4,1095.2,651.1
15081.9,K15+081.87,4.397537,-75.327705,1757.7,1095.6,662.2
15116.7,K15+116.70,4.397614,-75.328009,1771.6,1095.9,675.7
15151.5,K15+151.53,4.397691,-75.328314,1759.4,1096.2,663.2
15186.4,K15+186.36,4.397769,-75.328618,1759.6,1096.6,663.0
15221.2,K15+221.19,4.397846,-75.328922,1765.4,1096.9,668.5
15256.0,K15+256.02,4.397924,-75.329226,1778.7,1097.2,681.4
15290.9,K15+290.85,4.398001,-75.32953,1790.3,1097.6,692.7
15325.7,K15+325.68,4.398078,-75.329835,1805.2,1097.9,707.3
15360.5,K15+360.51,4.398156,-75.330139,1825.4,1098.2,727.1
15395.3,K15+395.35,4.398233,-75.330443,1861.4,1098.6,762.9
15430.2,K15+430.18,4.398311,-75.330747,1870.1,1098.9,771.2
15465.0,K15+465.01,4.398388,-75.331051,1871.3,1099.2,772.1
15499.8,K15+499.84,4.398466,-75.331355,1871.8,1099.6,772.2
15534.7,K15+534.67,4.398543,-75.33166,1889.4,1099.9,789.5
15569.5,K15+569.50,4.39862,-75.331964,1893.9,1100.2,793.6
15604.3,K15+604.33,4.398698,-75.332268,1903.7,1100.6,803.2
15639.2,K15+639.16,4.398775,-75.332572,1922.7,1100.9,821.8
15674.0,K15+673.99,4.398853,-75.332876,1925.0,1101.3,823.8
15708.8,K15+708.83,4.39893,-75.333181,1930.1,1101.6,828.5
15743.7,K15+743.66,4.399008,-75.333485,1923.9,1101.9,822.0
15778.5,K15+778.49,4.399085,-75.333789,1899.0,1102.3,796.8
15813.3,K15+813.32,4.399162,-75.334093,1901.1,1102.6,798.5
15848.1,K15+848.15,4.39924,-75.334397,1899.1,1102.9,796.2
15883.0,K15+882.98,4.399317,-75.334701,1885.5,1103.3,782.2
15917.8,K15+917.81,4.399395,-75.335006,1882.1,1103.6,778.5
15952.6,K15+952.64,4.399472,-75.33531,1877.5,1103.9,773.6
15987.5,K15+987.47,4.399549,-75.335614,1874.8,1104.3,770.5
16022.3,K16+022.30,4.399627,-75.335918,1851.3,1104.6,746.7
16057.1,K16+057.14,4.399704,-75.336222,1868.3,1104.9,763.4
16092.0,K16+091.97,4.399782,-75.336527,1884.4,1105.3,779.1
16126.8,K16+126.80,4.399859,-75.336831,1927.7,1105.6,822.1
16161.6,K16+161.63,4.399937,-75.337135,1927.3,1105.9,821.4
16196.5,K16+196.46,4.400014,-75.337439,1929.0,1106.3,822.7
16231.3,K16+231.29,4.400091,-75.337743,1923.9,1106.6,817.3
16266.1,K16+266.12,4.400169,-75.338048,1904.8,1106.9,797.9
16301.0,K16+300.95,4.400246,-75.338352,1899.6,1107.3,792.3
16335.8,K16+335.78,4.400324,-75.338656,1897.9,1107.6,790.3
16370.6,K16+370.62,4.400401,-75.33896,1895.2,1107.9,787.2
16405.4,K16+405.45,4.400479,-75.339264,1885.6,1108.3,777.3
16440.3,K16+440.28,4.400556,-75.339568,1898.3,1108.6,789.7
16475.1,K16+475.11,4.400633,-75.339873,1931.7,1108.9,822.7
16509.9,K16+509.94,4.400711,-75.340177,1928.4,1109.3,819.2
16544.8,K16+544.77,4.400788,-75.340481,1954.9,1109.6,845.3
16579.6,K16+579.60,4.400866,-75.340785,1978.8,1109.9,868.9
16614.4,K16+614.43,4.400943,-75.341089,1988.0,1110.3,877.8
16649.3,K16+649.26,4.40102,-75.341394,1982.4,1110.6,871.8
16684.1,K16+684.10,4.401098,-75.341698,1993.0,1110.9,882.0
16718.9,K16+718.93,4.401175,-75.342002,2001.6,1111.3,890.3
16753.8,K16+753.76,4.401253,-75.342306,1998.5,1111.6,886.9
16788.6,K16+788.59,4.40133,-75.34261,2003.4,1111.9,891.5
16823.4,K16+823.42,4.401408,-75.342914,2012.1,1112.3,899.9
16858.3,K16+858.25,4.401485,-75.343219,2015.3,1112.6,902.7
16893.1,K16+893.08,4.401562,-75.343523,1994.0,1112.9,881.1
16927.9,K16+927.91,4.40164,-75.343827,1992.1,1113.3,878.8
16962.7,K16+962.74,4.401717,-75.344131,1996.7,1113.6,883.1
16997.6,K16+997.58,4.401795,-75.344435,2000.9,1113.9,887.0
17032.4,K17+032.41,4.401872,-75.34474,1984.3,1114.3,870.0
17067.2,K17+067.24,4.40195,-75.345044,1986.0,1114.6,871.4
17102.1,K17+102.07,4.402027,-75.345348,1986.6,1114.9,871.6
17136.9,K17+136.90,4.402104,-75.345652,1974.2,1115.3,859.0
17171.7,K17+171.73,4.402182,-75.345956,1984.2,1115.6,868.6
17206.6,K17+206.56,4.402259,-75.346261,2008.9,1115.9,893.0
17241.4,K17+241.39,4.402337,-75.346565,2018.9,1116.3,902.7
17276.2,K17+276.22,4.402414,-75.346869,2023.6,1116.6,907.0
17311.1,K17+311.06,4.402491,-75.347173,2030.6,1116.9,913.7
17345.9,K17+345.89,4.402569,-75.347477,2045.8,1117.3,928.5
17380.7,K17+380.72,4.402646,-75.347781,2044.7,1117.6,927.1
17415.5,K17+415.55,4.402724,-75.348086,2052.1,1117.9,934.2
17450.4,K17+450.38,4.402801,-75.34839,2061.9,1118.3,943.6
17485.2,K17+485.21,4.402879,-75.348694,2077.8,1118.6,959.2
17520.0,K17+520.04,4.402956,-75.348998,2103.2,1118.9,984.3
17554.9,K17+554.87,4.403033,-75.349302,2121.4,1119.3,1002.1
17589.7,K17+589.70,4.403111,-75.349607,2130.0,1119.6,1010.4
17624.5,K17+624.54,4.403188,-75.349911,2131.2,1119.9,1011.2
17659.4,K17+659.37,4.403266,-75.350215,2129.1,1120.3,1008.8
17694.2,K17+694.20,4.403343,-75.350519,2117.0,1120.6,996.3
17729.0,K17+729.03,4.40342,-75.350823,2112.9,1120.9,992.0
17763.9,K17+763.86,4.403498,-75.351128,2096.0,1121.3,974.7
17798.7,K17+798.69,4.403575,-75.351432,2088.6,1121.6,967.0
17833.5,K17+833.52,4.403653,-75.351736,2084.7,1122.0,962.7
17868.4,K17+868.35,4.40373,-75.35204,2086.6,1122.3,964.3
17903.2,K17+903.18,4.403807,-75.352344,2071.6,1122.6,949.0
17938.0,K17+938.02,4.403885,-75.352648,2084.9,1123.0,962.0
17972.8,K17+972.85,4.403962,-75.352953,2090.1,1123.3,966.9
18007.7,K18+007.68,4.40404,-75.353257,2082.7,1123.6,959.1
18042.5,K18+042.51,4.404117,-75.353561,2071.9,1124.0,947.9
18077.3,K18+077.34,4.404195,-75.353865,2056.1,1124.3,931.8
18112.2,K18+112.17,4.404272,-75.354169,2037.8,1124.6,913.2
18147.0,K18+147.00,4.404349,-75.354474,2012.8,1125.0,887.8
18181.8,K18+181.83,4.404427,-75.354778,1999.1,1125.3,873.8
18216.7,K18+216.66,4.404504,-75.355082,1982.6,1125.6,856.9
18251.5,K18+251.50,4.404582,-75.355386,1966.7,1126.0,840.7
18286.3,K18+286.33,4.404659,-75.35569,1940.0,1126.3,813.7
18321.2,K18+321.16,4.404736,-75.355995,1908.9,1126.6,782.3
18356.0,K18+355.99,4.404814,-75.356299,1887.8,1127.0,760.8
18390.8,K18+390.82,4.404891,-75.356603,1868.2,1127.3,740.9
18425.7,K18+425.65,4.404969,-75.356907,1848.7,1127.6,721.1
18460.5,K18+460.48,4.405046,-75.357211,1831.8,1128.0,703.8
18495.3,K18+495.31,4.405124,-75.357515,1813.2,1128.3,684.9
18530.1,K18+530.14,4.405201,-75.35782,1785.5,1128.6,656.8
18565.0,K18+564.98,4.405278,-75.358124,1767.9,1129.0,638.9
18599.8,K18+599.81,4.405356,-75.358428,1747.2,1129.3,617.9
18634.6,K18+634.64,4.405433,-75.358732,1725.8,1129.6,596.2
18669.5,K18+669.47,4.405511,-75.359036,1695.0,1130.0,565.1
18704.3,K18+704.30,4.405588,-75.359341,1684.4,1130.3,554.1
18739.1,K18+739.13,4.405665,-75.359645,1676.2,1130.6,545.5
18774.0,K18+773.96,4.405743,-75.359949,1685.3,1131.0,554.4
18808.8,K18+808.79,4.40582,-75.360253,1701.6,1131.3,570.3
18843.6,K18+843.62,4.405898,-75.360557,1713.9,1131.6,582.3
18878.5,K18+878.45,4.405975,-75.360862,1743.2,1132.0,611.2
18913.3,K18+913.29,4.406052,-75.361166,1769.8,1132.3,637.5
18948.1,K18+948.12,4.40613,-75.36147,1793.2,1132.6,660.5
18982.9,K18+982.95,4.406207,-75.361774,1807.3,1133.0,674.4
19017.8,K19+017.78,4.406285,-75.362078,1806.6,1133.3,673.3
19052.6,K19+052.61,4.406362,-75.362383,1835.6,1133.6,702.0
19087.4,K19+087.44,4.40644,-75.362687,1854.7,1134.0,720.7
19122.3,K19+122.27,4.406517,-75.362991,1876.0,1134.3,741.7
19157.1,K19+157.10,4.406594,-75.363295,1891.6,1134.6,757.0
19191.9,K19+191.93,4.406672,-75.363599,1919.4,1135.0,784.4
19226.8,K19+226.77,4.406749,-75.363903,1945.9,1135.3,810.6
19261.6,K19+261.60,4.406827,-75.364208,1962.5,1135.6,826.9
19296.4,K19+296.43,4.406904,-75.364512,1973.9,1136.0,837.9
19331.3,K19+331.26,4.406981,-75.364816,1993.7,1136.3,857.4
19366.1,K19+366.09,4.407059,-75.36512,2013.7,1136.6,877.0
19400.9,K19+400.92,4.407136,-75.365424,2070.1,1137.0,933.1
19435.8,K19+435.75,4.407214,-75.365729,2088.2,1137.3,950.9
19470.6,K19+470.58,4.407291,-75.366033,2088.1,1137.6,950.5
19505.4,K19+505.41,4.407368,-75.366337,2075.0,1138.0,937.0
19540.2,K19+540.25,4.407446,-75.366641,2077.6,1138.3,939.3
19575.1,K19+575.08,4.407523,-75.366945,2080.4,1138.6,941.8
19609.9,K19+609.91,4.407601,-75.36725,2088.5,1139.0,949.5
19644.7,K19+644.74,4.407678,-75.367554,2075.8,1139.3,936.5
19679.6,K19+679.57,4.407755,-75.367858,2061.7,1139.6,922.1
19714.4,K19+714.40,4.407833,-75.368162,2050.7,1140.0,910.7
19749.2,K19+749.23,4.40791,-75.368466,2040.0,1140.3,899.7
19784.1,K19+784.06,4.407988,-75.368771,2006.8,1140.6,866.1
19818.9,K19+818.89,4.408065,-75.369075,1999.4,1141.0,858.4
19853.7,K19+853.73,4.408143,-75.369379,1990.1,1141.3,848.7
19888.6,K19+888.56,4.40822,-75.369683,1962.9,1141.7,821.3
19923.4,K19+923.39,4.408297,-75.369987,1943.6,1142.0,801.6
19958.2,K19+958.22,4.408375,-75.370291,1921.5,1142.3,779.2
19993.1,K19+993.05,4.408452,-75.370596,1903.3,1142.7,760.6
20027.9,K20+027.88,4.40853,-75.3709,1869.1,1143.0,726.1
20062.7,K20+062.71,4.408607,-75.371204,1859.5,1143.3,716.2
20097.5,K20+097.54,4.408684,-75.371508,1859.5,1143.7,715.8
20132.4,K20+132.37,4.408762,-75.371812,1839.0,1144.0,695.0
20167.2,K20+167.21,4.408839,-75.372117,1832.7,1144.3,688.4
20202.0,K20+202.04,4.408917,-75.372421,1820.9,1144.7,676.3
20236.9,K20+236.87,4.408994,-75.372725,1806.2,1145.0,661.2
20271.7,K20+271.70,4.409071,-75.373029,1783.7,1145.3,638.4
20306.5,K20+306.53,4.409149,-75.373333,1766.3,1145.7,620.7
20341.4,K20+341.36,4.409226,-75.373638,1748.7,1146.0,602.7
20376.2,K20+376.19,4.409304,-75.373942,1730.7,1146.3,584.4
20411.0,K20+411.02,4.409381,-75.374246,1709.4,1146.7,562.7
20445.9,K20+445.85,4.409458,-75.37455,1684.5,1147.0,537.5
20480.7,K20+480.69,4.409536,-75.374854,1663.3,1147.3,515.9
20515.5,K20+515.52,4.409613,-75.375159,1652.5,1147.7,504.8
20550.3,K20+550.35,4.409691,-75.375463,1674.0,1148.0,526.0
20585.2,K20+585.18,4.409768,-75.375767,1695.1,1148.3,546.7
20620.0,K20+620.01,4.409845,-75.376071,1716.9,1148.7,568.2
20654.8,K20+654.84,4.409923,-75.376375,1740.0,1149.0,591.0
20689.7,K20+689.67,4.41,-75.37668,1765.6,1149.3,616.3
20724.5,K20+724.50,4.410078,-75.376984,1794.8,1149.7,645.2
20759.3,K20+759.33,4.410155,-75.377288,1812.1,1150.0,662.1
20794.2,K20+794.17,4.410232,-75.377592,1830.7,1150.3,680.4
20829.0,K20+829.00,4.41031,-75.377896,1846.2,1150.7,695.5
20863.8,K20+863.83,4.410387,-75.3782,1876.4,1151.0,725.4
20898.7,K20+898.66,4.410465,-75.378505,1883.5,1151.3,732.2
20933.5,K20+933.49,4.410542,-75.378809,1885.6,1151.7,733.9
20968.3,K20+968.32,4.410619,-75.379113,1886.7,1152.0,734.7
21003.2,K21+003.15,4.410697,-75.379417,1870.9,1152.3,718.6
21038.0,K21+037.98,4.410774,-75.379721,1876.0,1152.7,723.3
21072.8,K21+072.81,4.410852,-75.380026,1888.3,1153.0,735.3
21107.6,K21+107.65,4.410929,-75.38033,1910.4,1153.3,757.1
21142.5,K21+142.48,4.411007,-75.380634,1931.9,1153.7,778.2
21177.3,K21+177.31,4.411084,-75.380938,1945.4,1154.0,791.4
21212.1,K21+212.14,4.411161,-75.381242,1958.2,1154.3,803.8
21247.0,K21+246.97,4.411239,-75.381547,1977.0,1154.7,822.4
21281.8,K21+281.80,4.411316,-75.381851,1990.0,1155.0,835.0
21316.6,K21+316.63,4.411394,-75.382155,2003.8,1155.3,848.4
21351.5,K21+351.46,4.411471,-75.382459,2016.9,1155.7,861.2
21386.3,K21+386.29,4.411548,-75.382763,2015.5,1156.0,859.5
21421.1,K21+421.13,4.411626,-75.383068,2019.4,1156.3,863.1
21456.0,K21+455.96,4.411703,-75.383372,2005.6,1156.7,848.9
21490.8,K21+490.79,4.411781,-75.383676,1990.5,1157.0,833.5
21525.6,K21+525.62,4.411858,-75.38398,1966.8,1157.3,809.4
21560.4,K21+560.45,4.411935,-75.384284,1949.7,1157.7,792.0
21595.3,K21+595.28,4.412013,-75.384589,1926.8,1158.0,768.8
21630.1,K21+630.11,4.41209,-75.384893,1910.0,1158.3,751.6
21664.9,K21+664.94,4.412168,-75.385197,1909.4,1158.7,750.7
21699.8,K21+699.77,4.412245,-75.385501,1911.1,1159.0,752.1
21734.6,K21+734.60,4.412322,-75.385805,1913.7,1159.3,754.4
21769.4,K21+769.44,4.4124,-75.38611,1899.9,1159.7,740.2
21804.3,K21+804.27,4.412477,-75.386414,1904.8,1160.0,744.8
21839.1,K21+839.10,4.412555,-75.386718,1906.2,1160.3,745.8
21873.9,K21+873.93,4.412632,-75.387022,1900.6,1160.7,739.9
21908.8,K21+908.76,4.412709,-75.387326,1868.0,1161.0,707.0
21943.6,K21+943.59,4.412787,-75.38763,1852.8,1161.4,691.4
21978.4,K21+978.42,4.412864,-75.387935,1828.2,1161.7,666.5
22013.3,K22+013.25,4.412942,-75.388239,1800.6,1162.0,638.6
22048.1,K22+048.08,4.413019,-75.388543,1780.2,1162.4,617.8
22082.9,K22+082.92,4.413096,-75.388847,1759.6,1162.7,596.9
22117.7,K22+117.75,4.413174,-75.389151,1745.7,1163.0,582.6
22152.6,K22+152.58,4.413251,-75.389456,1728.1,1163.4,564.8
22187.4,K22+187.41,4.413329,-75.38976,1721.3,1163.7,557.6
22222.2,K22+222.24,4.413406,-75.390064,1714.6,1164.0,550.6
22257.1,K22+257.07,4.413483,-75.390368,1719.3,1164.4,555.0
22291.9,K22+291.90,4.413561,-75.390672,1704.4,1164.7,539.7
22326.7,K22+326.73,4.413638,-75.390977,1676.5,1165.0,511.5
22361.6,K22+361.56,4.413716,-75.391281,1684.2,1165.4,518.9
22396.4,K22+396.40,4.413793,-75.391585,1685.4,1165.7,519.7
22431.2,K22+431.23,4.41387,-75.391889,1695.4,1166.0,529.4
22466.1,K22+466.06,4.413948,-75.392193,1704.0,1166.4,537.6
22500.9,K22+500.89,4.414025,-75.392498,1715.7,1166.7,549.0
22535.7,K22+535.72,4.414103,-75.392802,1743.6,1167.0,576.6
22570.6,K22+570.55,4.41418,-75.393106,1756.9,1167.4,589.5
22605.4,K22+605.38,4.414257,-75.39341,1767.7,1167.7,600.0
22640.2,K22+640.21,4.414335,-75.393714,1796.1,1168.0,628.1
22675.0,K22+675.04,4.414412,-75.394019,1806.5,1168.4,638.2
22709.9,K22+709.88,4.41449,-75.394323,1827.3,1168.7,658.6
22744.7,K22+744.71,4.414567,-75.394627,1840.9,1169.0,671.8
22779.5,K22+779.54,4.414644,-75.394931,1856.5,1169.4,687.1
22814.4,K22+814.37,4.414722,-75.395235,1876.0,1169.7,706.3
22849.2,K22+849.20,4.414799,-75.39554,1893.5,1170.0,723.4
22884.0,K22+884.03,4.414876,-75.395844,1898.7,1170.4,728.4
22918.9,K22+918.86,4.414954,-75.396148,1899.7,1170.7,729.0
22953.7,K22+953.69,4.415031,-75.396452,1903.7,1171.0,732.7
22988.5,K22+988.52,4.415109,-75.396756,1905.9,1171.4,734.6
23023.4,K23+023.36,4.415186,-75.397061,1890.1,1171.7,718.4
23058.2,K23+058.19,4.415263,-75.397365,1911.4,1172.0,739.4
23093.0,K23+093.02,4.415341,-75.397669,1923.4,1172.4,751.0
23127.8,K23+127.85,4.415418,-75.397973,1930.6,1172.7,757.9
23162.7,K23+162.68,4.415496,-75.398277,1936.3,1173.0,763.2
23197.5,K23+197.51,4.415573,-75.398582,1945.0,1173.4,771.6
23232.3,K23+232.34,4.41565,-75.398886,1961.6,1173.7,787.9
23267.2,K23+267.17,4.415728,-75.39919,1986.0,1174.0,812.0
23302.0,K23+302.00,4.415805,-75.399494,1998.9,1174.4,824.5
23336.8,K23+336.84,4.415883,-75.399798,2017.9,1174.7,843.2
23371.7,K23+371.67,4.41596,-75.400103,2034.3,1175.0,859.2
23406.5,K23+406.50,4.416037,-75.400407,2048.8,1175.4,873.4
23441.3,K23+441.33,4.416115,-75.400711,2077.3,1175.7,901.6
23476.2,K23+476.16,4.416192,-75.401015,2086.7,1176.0,910.6
23511.0,K23+510.99,4.41627,-75.401319,2104.0,1176.4,927.6
23545.8,K23+545.82,4.416347,-75.401624,2120.6,1176.7,943.9
23580.7,K23+580.65,4.416424,-75.401928,2144.3,1177.0,967.3
23615.5,K23+615.48,4.416502,-75.402232,2166.9,1177.4,989.5
23650.3,K23+650.32,4.416579,-75.402536,2189.2,1177.7,1011.4
23685.1,K23+685.15,4.416657,-75.40284,2204.9,1178.0,1026.8
23720.0,K23+719.98,4.416734,-75.403145,2222.9,1178.4,1044.6
23754.8,K23+754.81,4.416811,-75.403449,2247.6,1178.7,1068.9
23789.6,K23+789.64,4.416889,-75.403753,2276.9,1179.0,1097.8
23824.5,K23+824.47,4.416966,-75.404057,2286.9,1179.4,1107.5
23859.3,K23+859.30,4.417044,-75.404361,2307.3,1179.7,1127.6
23894.1,K23+894.13,4.417121,-75.404666,2338.7,1180.0,1158.7
23929.0,K23+928.96,4.417198,-75.40497,2353.1,1180.4,1172.7
23963.8,K23+963.80,4.417276,-75.405274,2365.7,1180.7,1185.0
23998.6,K23+998.63,4.417353,-75.405578,2375.0,1181.0,1193.9
24033.5,K24+033.46,4.417431,-75.405882,2384.7,1181.4,1203.3
24068.3,K24+068.29,4.417508,-75.406187,2392.7,1181.7,1211.0
24103.1,K24+103.12,4.417585,-75.406491,2399.1,1182.1,1217.0
24138.0,K24+137.95,4.417663,-75.406795,2402.3,1182.4,1219.9
24172.8,K24+172.78,4.41774,-75.407099,2409.9,1182.7,1227.2
24207.6,K24+207.61,4.417817,-75.407403,2423.3,1183.1,1240.3
24242.4,K24+242.44,4.417895,-75.407708,2437.0,1183.4,1253.6
24277.3,K24+277.28,4.417972,-75.408012,2449.2,1183.7,1265.4
24312.1,K24+312.11,4.41805,-75.408316,2459.7,1184.1,1275.6
24346.9,K24+346.94,4.418127,-75.40862,2469.2,1184.4,1284.8
24381.8,K24+381.77,4.418204,-75.408924,2486.5,1184.7,1301.8
24416.6,K24+416.60,4.418282,-75.409229,2495.0,1185.1,1310.0
24451.4,K24+451.43,4.418359,-75.409533,2501.5,1185.4,1316.1
24486.3,K24+486.26,4.418437,-75.409837,2491.9,1185.7,1306.2
24521.1,K24+521.09,4.418514,-75.410141,2476.5,1186.1,1290.5
24555.9,K24+555.92,4.418591,-75.410445,2472.9,1186.4,1286.5
24590.8,K24+590.75,4.418669,-75.41075,2468.2,1186.7,1281.5
24625.6,K24+625.59,4.418746,-75.411054,2470.2,1187.1,1283.1
24660.4,K24+660.42,4.418824,-75.411358,2464.1,1187.4,1276.7
24695.2,K24+695.25,4.418901,-75.411662,2460.5,1187.7,1272.8
24730.1,K24+730.08,4.418978,-75.411966,2448.1,1188.1,1260.0
24764.9,K24+764.91,4.419056,-75.412271,2431.0,1188.4,1242.6
24799.7,K24+799.74,4.419133,-75.412575,2421.1,1188.7,1232.4
24834.6,K24+834.57,4.419211,-75.412879,2413.6,1189.1,1224.6
24869.4,K24+869.40,4.419288,-75.413183,2404.9,1189.4,1215.5
24904.2,K24+904.23,4.419365,-75.413487,2381.6,1189.7,1191.9
24939.1,K24+939.07,4.419443,-75.413792,2370.3,1190.1,1180.2
24973.9,K24+973.90,4.41952,-75.414096,2357.7,1190.4,1167.3
25008.7,K25+008.73,4.419597,-75.4144,2345.0,1190.7,1154.2
25043.6,K25+043.56,4.419675,-75.414704,2340.1,1191.1,1149.1
25078.4,K25+078.39,4.419752,-75.415008,2344.6,1191.4,1153.2
25113.2,K25+113.22,4.41983,-75.415313,2342.1,1191.7,1150.3
25148.1,K25+148.05,4.419907,-75.415617,2354.8,1192.1,1162.8
25182.9,K25+182.88,4.419984,-75.415921,2344.7,1192.4,1152.3
25217.7,K25+217.71,4.420062,-75.416225,2332.5,1192.7,1139.8
25252.5,K25+252.55,4.420139,-75.416529,2302.4,1193.1,1109.3
25287.4,K25+287.38,4.420217,-75.416834,2294.0,1193.4,1100.6
25322.2,K25+322.21,4.420294,-75.417138,2282.4,1193.7,1088.6
25357.0,K25+357.04,4.420371,-75.417442,2266.6,1194.1,1072.5
25391.9,K25+391.87,4.420449,-75.417746,2257.5,1194.4,1063.1
25426.7,K25+426.70,4.420526,-75.41805,2252.4,1194.7,1057.7
25461.5,K25+461.53,4.420604,-75.418355,2244.3,1195.1,1049.2
25496.4,K25+496.36,4.420681,-75.418659,2233.9,1195.4,1038.5
25531.2,K25+531.19,4.420758,-75.418963,2204.1,1195.7,1008.3
25566.0,K25+566.03,4.420836,-75.419267,2188.2,1196.1,992.1
25600.9,K25+600.86,4.420913,-75.419571,2173.1,1196.4,976.7
25635.7,K25+635.69,4.42099,-75.419876,2119.1,1196.7,922.3
25670.5,K25+670.52,4.421068,-75.42018,2103.2,1197.1,906.1
25705.4,K25+705.35,4.421145,-75.420484,2076.6,1197.4,879.2
25740.2,K25+740.18,4.421223,-75.420788,2051.1,1197.7,853.3
25775.0,K25+775.01,4.4213,-75.421092,2045.9,1198.1,847.8
25809.8,K25+809.84,4.421377,-75.421397,2039.4,1198.4,841.0
25844.7,K25+844.67,4.421455,-75.421701,2032.5,1198.7,833.8
25879.5,K25+879.51,4.421532,-75.422005,2030.3,1199.1,831.3
25914.3,K25+914.34,4.42161,-75.422309,2032.1,1199.4,832.6
25949.2,K25+949.17,4.421687,-75.422613,2032.3,1199.7,832.6
25984.0,K25+984.00,4.421764,-75.422918,2016.8,1200.1,816.7
26018.8,K26+018.83,4.421842,-75.423222,2018.5,1200.4,818.0
26053.7,K26+053.66,4.421919,-75.423526,2009.2,1200.7,808.5
26088.5,K26+088.49,4.421996,-75.42383,2003.6,1201.1,802.5
26123.3,K26+123.32,4.422074,-75.424134,1999.8,1201.4,798.3
26158.2,K26+158.15,4.422151,-75.424439,2003.9,1201.8,802.1
26193.0,K26+192.99,4.422229,-75.424743,2003.0,1202.1,800.9
26227.8,K26+227.82,4.422306,-75.425047,2003.1,1202.4,800.7
26262.6,K26+262.65,4.422383,-75.425351,2003.6,1202.8,800.9
26297.5,K26+297.48,4.422461,-75.425655,1986.4,1203.1,783.3
26332.3,K26+332.31,4.422538,-75.42596,1968.9,1203.4,765.5
26367.1,K26+367.14,4.422616,-75.426264,1937.4,1203.8,733.7
26402.0,K26+401.97,4.422693,-75.426568,1919.0,1204.1,714.9
26436.8,K26+436.80,4.42277,-75.426872,1901.6,1204.4,697.2
26471.6,K26+471.63,4.422848,-75.427176,1881.8,1204.8,677.0
26506.5,K26+506.47,4.422925,-75.427481,1851.8,1205.1,646.8
26541.3,K26+541.30,4.423002,-75.427785,1837.3,1205.4,631.8
26576.1,K26+576.13,4.42308,-75.428089,1824.3,1205.8,618.5
26611.0,K26+610.96,4.423157,-75.428393,1811.8,1206.1,605.7
26645.8,K26+645.79,4.423235,-75.428697,1802.8,1206.4,596.4
26680.6,K26+680.62,4.423312,-75.429002,1790.3,1206.8,583.5
26715.5,K26+715.45,4.423389,-75.429306,1762.1,1207.1,555.0
26750.3,K26+750.28,4.423467,-75.42961,1751.2,1207.4,543.8
26785.1,K26+785.11,4.423544,-75.429914,1743.4,1207.8,535.7
26819.9,K26+819.95,4.423622,-75.430218,1745.7,1208.1,537.6
26854.8,K26+854.78,4.423699,-75.430523,1748.0,1208.4,539.6
26889.6,K26+889.61,4.423776,-75.430827,1747.9,1208.8,539.2
26924.4,K26+924.44,4.423854,-75.431131,1749.1,1209.1,540.0
26959.3,K26+959.27,4.423931,-75.431435,1765.3,1209.4,555.9
26994.1,K26+994.10,4.424008,-75.431739,1779.9,1209.8,570.1
27028.9,K27+028.93,4.424086,-75.432044,1793.6,1210.1,583.5
27063.8,K27+063.76,4.424163,-75.432348,1809.4,1210.4,598.9
27098.6,K27+098.59,4.424241,-75.432652,1833.9,1210.8,623.2
27133.4,K27+133.43,4.424318,-75.432956,1845.8,1211.1,634.7
27168.3,K27+168.26,4.424395,-75.43326,1857.0,1211.4,645.6
27203.1,K27+203.09,4.424473,-75.433565,1872.0,1211.8,660.2
27237.9,K27+237.92,4.42455,-75.433869,1887.7,1212.1,675.6
27272.7,K27+272.75,4.424627,-75.434173,1910.0,1212.4,697.6
27307.6,K27+307.58,4.424705,-75.434477,1923.7,1212.8,710.9
27342.4,K27+342.41,4.424782,-75.434782,1936.2,1213.1,723.1
27377.2,K27+377.24,4.42486,-75.435086,1949.0,1213.4,735.6
27412.1,K27+412.07,4.424937,-75.43539,1963.7,1213.8,749.9
27446.9,K27+446.90,4.425014,-75.435694,1979.6,1214.1,765.5
27481.7,K27+481.74,4.425092,-75.435998,2017.0,1214.4,802.5
27516.6,K27+516.57,4.425169,-75.436303,2013.7,1214.8,799.0
27551.4,K27+551.40,4.425247,-75.436607,2021.4,1215.1,806.3
27586.2,K27+586.23,4.425324,-75.436911,2032.9,1215.4,817.4
27621.1,K27+621.06,4.425401,-75.437215,2055.6,1215.8,839.8
27655.9,K27+655.89,4.425479,-75.437519,2082.0,1216.1,865.9
27690.7,K27+690.72,4.425556,-75.437824,2102.9,1216.4,886.5
27725.6,K27+725.55,4.425633,-75.438128,2122.0,1216.8,905.2
27760.4,K27+760.38,4.425711,-75.438432,2141.9,1217.1,924.7
27795.2,K27+795.22,4.425788,-75.438736,2149.4,1217.4,932.0
27830.0,K27+830.05,4.425866,-75.43904,2174.4,1217.8,956.6
27864.9,K27+864.88,4.425943,-75.439345,2191.2,1218.1,973.1
27899.7,K27+899.71,4.42602,-75.439649,2209.0,1218.4,990.5
27934.5,K27+934.54,4.426098,-75.439953,2220.9,1218.8,1002.1
27969.4,K27+969.37,4.426175,-75.440257,2229.1,1219.1,1009.9
28004.2,K28+004.20,4.426252,-75.440561,2244.2,1219.4,1024.8
28039.0,K28+039.03,4.42633,-75.440866,2254.1,1219.8,1034.3
28073.9,K28+073.86,4.426407,-75.44117,2265.6,1220.1,1045.5
28108.7,K28+108.70,4.426485,-75.441474,2283.5,1220.4,1063.0
28143.5,K28+143.53,4.426562,-75.441778,2313.1,1220.8,1092.3
28178.4,K28+178.36,4.426639,-75.442082,2310.7,1221.1,1089.6
28213.2,K28+213.19,4.426717,-75.442387,2301.5,1221.5,1080.0
28248.0,K28+248.02,4.426794,-75.442691,2308.6,1221.8,1086.8
28282.9,K28+282.85,4.426871,-75.442995,2308.6,1222.1,1086.5
28317.7,K28+317.68,4.426949,-75.443299,2317.8,1222.5,1095.4
28352.5,K28+352.51,4.427026,-75.443603,2322.2,1222.8,1099.4
28387.3,K28+387.34,4.427104,-75.443908,2294.9,1223.1,1071.8
28422.2,K28+422.18,4.427181,-75.444212,2291.7,1223.5,1068.3
28457.0,K28+457.01,4.427258,-75.444516,2290.0,1223.8,1066.2
28491.8,K28+491.84,4.427336,-75.44482,2289.7,1224.1,1065.5
28526.7,K28+526.67,4.427413,-75.445125,2259.5,1224.5,1035.1
28561.5,K28+561.50,4.42749,-75.445429,2254.0,1224.8,1029.2
28596.3,K28+596.33,4.427568,-75.445733,2257.7,1225.1,1032.6
28631.2,K28+631.16,4.427645,-75.446037,2251.7,1225.5,1026.2
28666.0,K28+665.99,4.427723,-75.446341,2255.0,1225.8,1029.2
28700.8,K28+700.82,4.4278,-75.446646,2257.6,1226.1,1031.5
28735.7,K28+735.66,4.427877,-75.44695,2263.4,1226.5,1036.9
28770.5,K28+770.49,4.427955,-75.447254,2257.3,1226.8,1030.5
28805.3,K28+805.32,4.428032,-75.447558,2267.6,1227.1,1040.5
28840.1,K28+840.15,4.428109,-75.447862,2271.9,1227.5,1044.4
28875.0,K28+874.98,4.428187,-75.448167,2267.4,1227.8,1039.6
28909.8,K28+909.81,4.428264,-75.448471,2248.3,1228.1,1020.2
28944.6,K28+944.64,4.428342,-75.448775,2248.0,1228.5,1019.6
28979.5,K28+979.47,4.428419,-75.449079,2237.8,1228.8,1009.0
29014.3,K29+014.30,4.428496,-75.449383,2214.8,1229.1,985.6
29049.1,K29+049.14,4.428574,-75.449688,2198.9,1229.5,969.4
29084.0,K29+083.97,4.428651,-75.449992,2178.4,1229.8,948.6
29118.8,K29+118.80,4.428728,-75.450296,2156.8,1230.1,926.6
29153.6,K29+153.63,4.428806,-75.4506,2128.6,1230.5,898.2
29188.5,K29+188.46,4.428883,-75.450904,2115.0,1230.8,884.2
29223.3,K29+223.29,4.428961,-75.451209,2109.0,1231.1,877.8
29258.1,K29+258.12,4.429038,-75.451513,2082.5,1231.5,851.0
29293.0,K29+292.95,4.429115,-75.451817,2063.0,1231.8,831.2
29327.8,K29+327.78,4.429193,-75.452121,2053.6,1232.1,821.5
29362.6,K29+362.62,4.42927,-75.452425,2052.7,1232.5,820.2
29397.4,K29+397.45,4.429347,-75.45273,2039.3,1232.8,806.5
29432.3,K29+432.28,4.429425,-75.453034,2047.9,1233.1,814.7
29467.1,K29+467.11,4.429502,-75.453338,2072.1,1233.5,838.6
29501.9,K29+501.94,4.42958,-75.453642,2087.1,1233.8,853.3
29536.8,K29+536.77,4.429657,-75.453947,2090.4,1234.1,856.3
29571.6,K29+571.60,4.429734,-75.454251,2121.6,1234.5,887.2
29606.4,K29+606.43,4.429812,-75.454555,2144.0,1234.8,909.2
29641.3,K29+641.26,4.429889,-75.454859,2134.3,1235.1,899.1
29676.1,K29+676.10,4.429966,-75.455163,2164.4,1235.5,928.9
29710.9,K29+710.93,4.430044,-75.455468,2177.2,1235.8,941.4
29745.8,K29+745.76,4.430121,-75.455772,2182.8,1236.1,946.6
29780.6,K29+780.59,4.430199,-75.456076,2156.5,1236.5,920.0
29815.4,K29+815.42,4.430276,-75.45638,2137.5,1236.8,900.7
29850.3,K29+850.25,4.430353,-75.456684,2128.1,1237.1,891.0
29885.1,K29+885.08,4.430431,-75.456989,2116.8,1237.5,879.4
29919.9,K29+919.91,4.430508,-75.457293,2117.8,1237.8,880.0
29954.7,K29+954.74,4.430585,-75.457597,2112.7,1238.1,874.6
29989.6,K29+989.58,4.430663,-75.457901,2101.4,1238.5,862.9
30024.4,K30+024.41,4.43074,-75.458205,2084.3,1238.8,845.4
30059.2,K30+059.24,4.430818,-75.45851,2093.0,1239.1,853.9
30094.1,K30+094.07,4.430895,-75.458814,2101.2,1239.5,861.7
30128.9,K30+128.90,4.430972,-75.459118,2107.7,1239.8,867.9
30163.7,K30+163.73,4.43105,-75.459422,2123.8,1240.1,883.7
30198.6,K30+198.56,4.431127,-75.459727,2133.8,1240.5,893.3
30233.4,K30+233.39,4.431204,-75.460031,2144.9,1240.8,904.1
30268.2,K30+268.22,4.431282,-75.460335,2143.4,1241.1,902.3
30303.1,K30+303.05,4.431359,-75.460639,2148.5,1241.5,907.0
30337.9,K30+337.89,4.431437,-75.460943,2147.4,1241.8,905.6
30372.7,K30+372.72,4.431514,-75.461248,2148.3,1242.2,906.2
30407.5,K30+407.55,4.431591,-75.461552,2152.5,1242.5,910.1
30442.4,K30+442.38,4.431669,-75.461856,2146.0,1242.8,903.2
30477.2,K30+477.21,4.431746,-75.46216,2135.4,1243.2,892.3
30512.0,K30+512.04,4.431823,-75.462464,2119.4,1243.5,875.9
30546.9,K30+546.87,4.431901,-75.462769,2117.7,1243.8,873.9
30581.7,K30+581.70,4.431978,-75.463073,2131.4,1244.2,887.2
30616.5,K30+616.53,4.432055,-75.463377,2145.9,1244.5,901.5
30651.4,K30+651.37,4.432133,-75.463681,2122.6,1244.8,877.7
30686.2,K30+686.20,4.43221,-75.463985,2105.2,1245.2,860.0
30721.0,K30+721.03,4.432288,-75.46429,2089.7,1245.5,844.2
30755.9,K30+755.86,4.432365,-75.464594,2065.2,1245.8,819.3
30790.7,K30+790.69,4.432442,-75.464898,2054.7,1246.2,808.5
30825.5,K30+825.52,4.43252,-75.465202,2063.0,1246.5,816.5
30860.4,K30+860.35,4.432597,-75.465507,2080.9,1246.8,834.1
30895.2,K30+895.18,4.432674,-75.465811,2099.8,1247.2,852.7
30930.0,K30+930.01,4.432752,-75.466115,2129.0,1247.5,881.5
30964.8,K30+964.85,4.432829,-75.466419,2149.4,1247.8,901.5
30999.7,K30+999.68,4.432907,-75.466723,2171.0,1248.2,922.8
31034.5,K31+034.51,4.432984,-75.467028,2159.1,1248.5,910.6
31069.3,K31+069.34,4.433061,-75.467332,2162.4,1248.8,913.5
31104.2,K31+104.17,4.433139,-75.467636,2158.2,1249.2,909.0
31139.0,K31+139.00,4.433216,-75.46794,2151.0,1249.5,901.5
31173.8,K31+173.83,4.433293,-75.468244,2156.8,1249.8,907.0
31208.7,K31+208.66,4.433371,-75.468549,2167.3,1250.2,917.1
31243.5,K31+243.49,4.433448,-75.468853,2181.9,1250.5,931.4
31278.3,K31+278.33,4.433525,-75.469157,2195.7,1250.8,944.9
31313.2,K31+313.16,4.433603,-75.469461,2215.9,1251.2,964.8
31348.0,K31+347.99,4.43368,-75.469765,2226.3,1251.5,974.8
31382.8,K31+382.82,4.433758,-75.47007,2208.9,1251.8,957.1
31417.7,K31+417.65,4.433835,-75.470374,2203.6,1252.2,951.4
31452.5,K31+452.48,4.433912,-75.470678,2195.7,1252.5,943.2
31487.3,K31+487.31,4.43399,-75.470982,2166.0,1252.8,913.2
31522.1,K31+522.14,4.434067,-75.471287,2163.8,1253.2,910.6
31557.0,K31+556.97,4.434144,-75.471591,2184.5,1253.5,931.0
31591.8,K31+591.81,4.434222,-75.471895,2201.6,1253.8,947.7
31626.6,K31+626.64,4.434299,-75.472199,2216.5,1254.2,962.4
31661.5,K31+661.47,4.434376,-75.472503,2228.9,1254.5,974.4
31696.3,K31+696.30,4.434454,-75.472808,2248.9,1254.8,994.1
31731.1,K31+731.13,4.434531,-75.473112,2273.1,1255.2,1017.9
31766.0,K31+765.96,4.434609,-75.473416,2289.8,1255.5,1034.2
31800.8,K31+800.79,4.434686,-75.47372,2307.3,1255.8,1051.5
31835.6,K31+835.62,4.434763,-75.474024,2320.9,1256.2,1064.8
31870.5,K31+870.45,4.434841,-75.474329,2352.4,1256.5,1095.9
31905.3,K31+905.29,4.434918,-75.474633,2336.3,1256.8,1079.5
31940.1,K31+940.12,4.434995,-75.474937,2340.9,1257.2,1083.7
31974.9,K31+974.95,4.435073,-75.475241,2348.8,1257.5,1091.3
32009.8,K32+009.78,4.43515,-75.475546,2311.9,1257.8,1054.0
32044.6,K32+044.61,4.435227,-75.47585,2317.8,1258.2,1059.6
32079.4,K32+079.44,4.435305,-75.476154,2323.2,1258.5,1064.7
32114.3,K32+114.27,4.435382,-75.476458,2327.8,1258.8,1069.0
32149.1,K32+149.10,4.43546,-75.476762,2296.4,1259.2,1037.2
32183.9,K32+183.93,4.435537,-75.477067,2299.3,1259.5,1039.8
32218.8,K32+218.77,4.435614,-75.477371,2305.0,1259.8,1045.1
32253.6,K32+253.60,4.435692,-75.477675,2311.3,1260.2,1051.1
32288.4,K32+288.43,4.435769,-75.477979,2308.9,1260.5,1048.3
32323.3,K32+323.26,4.435846,-75.478283,2333.2,1260.8,1072.4
32358.1,K32+358.09,4.435924,-75.478588,2343.4,1261.2,1082.2
32392.9,K32+392.92,4.436001,-75.478892,2315.6,1261.5,1054.0
32427.8,K32+427.75,4.436078,-75.479196,2297.2,1261.9,1035.3
32462.6,K32+462.58,4.436156,-75.4795,2275.6,1262.2,1013.5
32497.4,K32+497.41,4.436233,-75.479805,2265.1,1262.5,1002.6
32532.2,K32+532.25,4.436311,-75.480109,2253.4,1262.9,990.5
32567.1,K32+567.08,4.436388,-75.480413,2239.9,1263.2,976.7
32601.9,K32+601.91,4.436465,-75.480717,2200.0,1263.5,936.4
32636.7,K32+636.74,4.436543,-75.481021,2192.5,1263.9,928.7
32671.6,K32+671.57,4.43662,-75.481326,2201.1,1264.2,937.0
32706.4,K32+706.40,4.436697,-75.48163,2211.8,1264.5,947.3
32741.2,K32+741.23,4.436775,-75.481934,2222.9,1264.9,958.0
32776.1,K32+776.06,4.436852,-75.482238,2229.2,1265.2,964.0
32810.9,K32+810.89,4.436929,-75.482542,2248.6,1265.5,983.1
32845.7,K32+845.73,4.437007,-75.482847,2253.9,1265.9,988.0
32880.6,K32+880.56,4.437084,-75.483151,2229.3,1266.2,963.1
32915.4,K32+915.39,4.437162,-75.483455,2226.7,1266.5,960.2
32950.2,K32+950.22,4.437239,-75.483759,2220.2,1266.9,953.3
32985.0,K32+985.05,4.437316,-75.484064,2231.8,1267.2,964.7
33019.9,K33+019.88,4.437394,-75.484368,2259.3,1267.5,991.8
33054.7,K33+054.71,4.437471,-75.484672,2274.3,1267.9,1006.5
33089.5,K33+089.54,4.437548,-75.484976,2291.5,1268.2,1023.3
33124.4,K33+124.37,4.437626,-75.48528,2308.4,1268.5,1039.9
33159.2,K33+159.20,4.437703,-75.485585,2344.1,1268.9,1075.2
33194.0,K33+194.04,4.43778,-75.485889,2364.3,1269.2,1095.1
33228.9,K33+228.87,4.437858,-75.486193,2375.5,1269.5,1105.9
33263.7,K33+263.70,4.437935,-75.486497,2368.6,1269.9,1098.7
33298.5,K33+298.53,4.438013,-75.486801,2374.5,1270.2,1104.3
33333.4,K33+333.36,4.43809,-75.487106,2405.0,1270.5,1134.4
33368.2,K33+368.19,4.438167,-75.48741,2417.2,1270.9,1146.3
33403.0,K33+403.02,4.438245,-75.487714,2419.8,1271.2,1148.6
33437.9,K33+437.85,4.438322,-75.488018,2416.1,1271.5,1144.6
33472.7,K33+472.68,4.438399,-75.488323,2404.5,1271.9,1132.6
33507.5,K33+507.52,4.438477,-75.488627,2392.7,1272.2,1120.5
33542.3,K33+542.35,4.438554,-75.488931,2399.1,1272.5,1126.6
33577.2,K33+577.18,4.438631,-75.489235,2416.5,1272.9,1143.6
33612.0,K33+612.01,4.438709,-75.489539,2432.4,1273.2,1159.2
33646.8,K33+646.84,4.438786,-75.489844,2416.9,1273.5,1143.4
33681.7,K33+681.67,4.438863,-75.490148,2390.2,1273.9,1116.3
33716.5,K33+716.50,4.438941,-75.490452,2372.1,1274.2,1097.9
33751.3,K33+751.33,4.439018,-75.490756,2359.8,1274.5,1085.3
33786.2,K33+786.16,4.439096,-75.491061,2326.7,1274.9,1051.8
33821.0,K33+821.00,4.439173,-75.491365,2318.2,1275.2,1043.0
33855.8,K33+855.83,4.43925,-75.491669,2316.7,1275.5,1041.1
33890.7,K33+890.66,4.439328,-75.491973,2302.6,1275.9,1026.8
33925.5,K33+925.49,4.439405,-75.492277,2300.5,1276.2,1024.3
33960.3,K33+960.32,4.439482,-75.492582,2302.8,1276.5,1026.2
33995.2,K33+995.15,4.43956,-75.492886,2309.7,1276.9,1032.8
34030.0,K34+029.98,4.439637,-75.49319,2296.2,1277.2,1019.0
34064.8,K34+064.81,4.439714,-75.493494,2297.2,1277.5,1019.6
34099.6,K34+099.64,4.439792,-75.493798,2292.3,1277.9,1014.4
34134.5,K34+134.48,4.439869,-75.494103,2271.5,1278.2,993.2
34169.3,K34+169.31,4.439946,-75.494407,2274.6,1278.5,996.1
34204.1,K34+204.14,4.440024,-75.494711,2286.3,1278.9,1007.5
34239.0,K34+238.97,4.440101,-75.495015,2298.4,1279.2,1019.2
34273.8,K34+273.80,4.440179,-75.49532,2314.5,1279.5,1034.9
34308.6,K34+308.63,4.440256,-75.495624,2328.8,1279.9,1049.0
34343.5,K34+343.46,4.440333,-75.495928,2341.9,1280.2,1061.7
34378.3,K34+378.29,4.440411,-75.496232,2357.1,1280.5,1076.6
34413.1,K34+413.12,4.440488,-75.496536,2402.6,1280.9,1121.7
34448.0,K34+447.96,4.440565,-75.496841,2410.3,1281.2,1129.0
34482.8,K34+482.79,4.440643,-75.497145,2400.3,1281.6,1118.7
34517.6,K34+517.62,4.44072,-75.497449,2404.6,1281.9,1122.8
34552.4,K34+552.45,4.440797,-75.497753,2393.1,1282.2,1110.9
34587.3,K34+587.28,4.440875,-75.498058,2391.5,1282.6,1108.9
34622.1,K34+622.11,4.440952,-75.498362,2401.0,1282.9,1118.1
34656.9,K34+656.94,4.441029,-75.498666,2438.5,1283.2,1155.3
34691.8,K34+691.77,4.441107,-75.49897,2450.3,1283.6,1166.7
34726.6,K34+726.60,4.441184,-75.499274,2468.1,1283.9,1184.2
34761.4,K34+761.44,4.441261,-75.499579,2497.6,1284.2,1213.4
34796.3,K34+796.27,4.441339,-75.499883,2544.8,1284.6,1260.3
34831.1,K34+831.10,4.441416,-75.500187,2557.1,1284.9,1272.2
34865.9,K34+865.93,4.441494,-75.500491,2552.4,1285.2,1267.1
34900.8,K34+900.76,4.441571,-75.500795,2567.4,1285.6,1281.9
34935.6,K34+935.59,4.441648,-75.5011,2549.3,1285.9,1263.4
34970.4,K34+970.42,4.441726,-75.501404,2536.7,1286.2,1250.5
35005.3,K35+005.25,4.441803,-75.501708,2540.9,1286.6,1254.3
35040.1,K35+040.08,4.44188,-75.502012,2570.7,1286.9,1283.8
35074.9,K35+074.92,4.441958,-75.502317,2581.9,1287.2,1294.7
35109.7,K35+109.75,4.442035,-75.502621,2589.4,1287.6,1301.9
35144.6,K35+144.58,4.442112,-75.502925,2617.8,1287.9,1329.9
35179.4,K35+179.41,4.44219,-75.503229,2623.2,1288.2,1335.0
35214.2,K35+214.24,4.442267,-75.503533,2633.6,1288.6,1345.0
35249.1,K35+249.07,4.442344,-75.503838,2641.5,1288.9,1352.6
35283.9,K35+283.90,4.442422,-75.504142,2660.5,1289.2,1371.3
35318.7,K35+318.73,4.442499,-75.504446,2655.9,1289.6,1366.4
35353.6,K35+353.56,4.442576,-75.50475,2639.7,1289.9,1349.8
35388.4,K35+388.40,4.442654,-75.505055,2633.5,1290.2,1343.2
35423.2,K35+423.23,4.442731,-75.505359,2617.7,1290.6,1327.2
35458.1,K35+458.06,4.442809,-75.505663,2605.3,1290.9,1314.4
35492.9,K35+492.89,4.442886,-75.505967,2599.8,1291.2,1308.6
35527.7,K35+527.72,4.442963,-75.506271,2588.4,1291.6,1296.8
35562.6,K35+562.55,4.443041,-75.506576,2579.2,1291.9,1287.3
35597.4,K35+597.38,4.443118,-75.50688,2564.4,1292.2,1272.1
35632.2,K35+632.21,4.443195,-75.507184,2554.6,1292.6,1262.0
35667.0,K35+667.04,4.443273,-75.507488,2542.0,1292.9,1249.1
35701.9,K35+701.88,4.44335,-75.507793,2523.5,1293.2,1230.3
35736.7,K35+736.71,4.443427,-75.508097,2506.7,1293.6,1213.2
35771.5,K35+771.54,4.443505,-75.508401,2513.2,1293.9,1219.3
35806.4,K35+806.37,4.443582,-75.508705,2506.0,1294.2,1211.8
35841.2,K35+841.20,4.443659,-75.509009,2497.5,1294.6,1202.9
35876.0,K35+876.03,4.443737,-75.509314,2472.8,1294.9,1177.9
35910.9,K35+910.86,4.443814,-75.509618,2464.0,1295.2,1168.7
35945.7,K35+945.69,4.443891,-75.509922,2445.2,1295.6,1149.7
35980.5,K35+980.52,4.443969,-75.510226,2432.5,1295.9,1136.6
36015.4,K36+015.35,4.444046,-75.51053,2429.4,1296.2,1133.2
36050.2,K36+050.19,4.444123,-75.510835,2423.4,1296.6,1126.9
36085.0,K36+085.02,4.444201,-75.511139,2424.8,1296.9,1127.9
36119.8,K36+119.85,4.444278,-75.511443,2434.9,1297.2,1137.7
36154.7,K36+154.68,4.444356,-75.511747,2441.2,1297.6,1143.7
36189.5,K36+189.51,4.444433,-75.512052,2443.0,1297.9,1145.1
36224.3,K36+224.34,4.44451,-75.512356,2440.0,1298.2,1141.8
36259.2,K36+259.17,4.444588,-75.51266,2458.1,1298.6,1159.5
36294.0,K36+294.00,4.444665,-75.512964,2463.7,1298.9,1164.8
36328.8,K36+328.83,4.444742,-75.513268,2453.7,1299.2,1154.5
36363.7,K36+363.67,4.44482,-75.513573,2447.2,1299.6,1147.6
36398.5,K36+398.50,4.444897,-75.513877,2453.1,1299.9,1153.2
36433.3,K36+433.33,4.444974,-75.514181,2460.8,1300.2,1160.6
36468.2,K36+468.16,4.445052,-75.514485,2478.0,1300.6,1177.4
36503.0,K36+502.99,4.445129,-75.51479,2495.7,1300.9,1194.8
36537.8,K36+537.82,4.445206,-75.515094,2491.3,1301.2,1190.1
36572.7,K36+572.65,4.445284,-75.515398,2488.3,1301.6,1186.7
36607.5,K36+607.48,4.445361,-75.515702,2496.0,1301.9,1194.1
36642.3,K36+642.31,4.445438,-75.516006,2480.3,1302.3,1178.0
36677.1,K36+677.15,4.445516,-75.516311,2484.8,1302.6,1182.2
36712.0,K36+711.98,4.445593,-75.516615,2490.9,1302.9,1187.9
36746.8,K36+746.81,4.44567,-75.516919,2500.3,1303.3,1197.0
36781.6,K36+781.64,4.445748,-75.517223,2525.0,1303.6,1221.4
36816.5,K36+816.47,4.445825,-75.517528,2523.0,1303.9,1219.1
36851.3,K36+851.30,4.445902,-75.517832,2527.5,1304.3,1223.3
36886.1,K36+886.13,4.44598,-75.518136,2549.9,1304.6,1245.3
36921.0,K36+920.96,4.446057,-75.51844,2555.0,1304.9,1250.1
36955.8,K36+955.79,4.446135,-75.518744,2556.2,1305.3,1250.9
36990.6,K36+990.63,4.446212,-75.519049,2529.0,1305.6,1223.4
37025.5,K37+025.46,4.446289,-75.519353,2545.4,1305.9,1239.5
37060.3,K37+060.29,4.446367,-75.519657,2538.6,1306.3,1232.4
37095.1,K37+095.12,4.446444,-75.519961,2516.7,1306.6,1210.1
37130.0,K37+129.95,4.446521,-75.520266,2508.6,1306.9,1201.7
37164.8,K37+164.78,4.446599,-75.52057,2507.9,1307.3,1200.6
37199.6,K37+199.61,4.446676,-75.520874,2511.4,1307.6,1203.8
37234.4,K37+234.44,4.446753,-75.521178,2532.4,1307.9,1224.5
37269.3,K37+269.27,4.446831,-75.521482,2566.4,1308.3,1258.1
37304.1,K37+304.11,4.446908,-75.521787,2583.3,1308.6,1274.7
37338.9,K37+338.94,4.446985,-75.522091,2584.8,1308.9,1275.9
37373.8,K37+373.77,4.447063,-75.522395,2577.8,1309.3,1268.5
37408.6,K37+408.60,4.44714,-75.522699,2571.6,1309.6,1262.0
37443.4,K37+443.43,4.447217,-75.523004,2571.9,1309.9,1262.0
37478.3,K37+478.26,4.447295,-75.523308,2585.4,1310.3,1275.1
37513.1,K37+513.09,4.447372,-75.523612,2606.5,1310.6,1295.9
37547.9,K37+547.92,4.447449,-75.523916,2630.5,1310.9,1319.6
37582.8,K37+582.75,4.447527,-75.52422,2641.9,1311.3,1330.6
37617.6,K37+617.59,4.447604,-75.524525,2652.7,1311.6,1341.1
37652.4,K37+652.42,4.447681,-75.524829,2630.8,1311.9,1318.9
37687.2,K37+687.25,4.447759,-75.525133,2621.2,1312.3,1309.0
37722.1,K37+722.08,4.447836,-75.525437,2640.4,1312.6,1327.8
37756.9,K37+756.91,4.447913,-75.525742,2653.8,1312.9,1340.8
37791.7,K37+791.74,4.447991,-75.526046,2650.4,1313.3,1337.2
37826.6,K37+826.57,4.448068,-75.52635,2674.4,1313.6,1360.8
37861.4,K37+861.40,4.448145,-75.526654,2688.1,1313.9,1374.2
37896.2,K37+896.23,4.448223,-75.526959,2681.2,1314.3,1366.9
37931.1,K37+931.07,4.4483,-75.527263,2674.6,1314.6,1360.0
37965.9,K37+965.90,4.448378,-75.527567,2667.9,1314.9,1352.9
38000.7,K38+000.73,4.448455,-75.527871,2661.1,1315.3,1345.8
38035.6,K38+035.56,4.448532,-75.528175,2635.3,1315.6,1319.7
38070.4,K38+070.39,4.44861,-75.52848,2625.0,1315.9,1309.1
38105.2,K38+105.22,4.448687,-75.528784,2628.9,1316.3,1312.7
38140.1,K38+140.05,4.448764,-75.529088,2629.2,1316.6,1312.6
38174.9,K38+174.88,4.448842,-75.529392,2631.5,1316.9,1314.6
38209.7,K38+209.71,4.448919,-75.529697,2637.0,1317.3,1319.7
38244.5,K38+244.55,4.448996,-75.530001,2644.9,1317.6,1327.3
38279.4,K38+279.38,4.449074,-75.530305,2670.5,1317.9,1352.6
38314.2,K38+314.21,4.449151,-75.530609,2679.6,1318.3,1361.3
38349.0,K38+349.04,4.449228,-75.530913,2685.7,1318.6,1367.1
38383.9,K38+383.87,4.449306,-75.531218,2708.1,1318.9,1389.2
38418.7,K38+418.70,4.449383,-75.531522,2713.5,1319.3,1394.2
38453.5,K38+453.53,4.44946,-75.531826,2732.4,1319.6,1412.8
38488.4,K38+488.36,4.449538,-75.53213,2741.9,1319.9,1421.9
38523.2,K38+523.19,4.449615,-75.532435,2759.4,1320.3,1439.1
38558.0,K38+558.03,4.449692,-75.532739,2772.4,1320.6,1451.7
38592.9,K38+592.86,4.44977,-75.533043,2780.2,1320.9,1459.3
38627.7,K38+627.69,4.449847,-75.533347,2780.9,1321.3,1459.6
38662.5,K38+662.52,4.449924,-75.533651,2792.4,1321.6,1470.8
38697.3,K38+697.35,4.450002,-75.533956,2793.8,1322.0,1471.8
38732.2,K38+732.18,4.450079,-75.53426,2797.4,1322.3,1475.1
38767.0,K38+767.01,4.450156,-75.534564,2812.6,1322.6,1490.0
38801.8,K38+801.84,4.450234,-75.534868,2821.4,1323.0,1498.4
38836.7,K38+836.67,4.450311,-75.535173,2828.3,1323.3,1505.1
38871.5,K38+871.50,4.450388,-75.535477,2834.3,1323.6,1510.7
38906.3,K38+906.34,4.450466,-75.535781,2831.5,1324.0,1507.6
38941.2,K38+941.17,4.450543,-75.536085,2837.4,1324.3,1513.1
38976.0,K38+976.00,4.45062,-75.536389,2844.7,1324.6,1520.0
39010.8,K39+010.83,4.450698,-75.536694,2838.6,1325.0,1513.6
39045.7,K39+045.66,4.450775,-75.536998,2846.7,1325.3,1521.4
39080.5,K39+080.49,4.450852,-75.537302,2852.7,1325.6,1527.1
39115.3,K39+115.32,4.45093,-75.537606,2852.6,1326.0,1526.7
39150.2,K39+150.15,4.451007,-75.537911,2841.6,1326.3,1515.3
39185.0,K39+184.98,4.451084,-75.538215,2832.2,1326.6,1505.5
39219.8,K39+219.82,4.451162,-75.538519,2830.3,1327.0,1503.4
39254.6,K39+254.65,4.451239,-75.538823,2835.0,1327.3,1507.7
39289.5,K39+289.48,4.451316,-75.539128,2841.9,1327.6,1514.2
39324.3,K39+324.31,4.451394,-75.539432,2850.8,1328.0,1522.9
39359.1,K39+359.14,4.451471,-75.539736,2851.8,1328.3,1523.5
39394.0,K39+393.97,4.451548,-75.54004,2845.4,1328.6,1516.8
39428.8,K39+428.80,4.451626,-75.540344,2849.3,1329.0,1520.4
39463.6,K39+463.63,4.451703,-75.540649,2856.5,1329.3,1527.2
39498.5,K39+498.46,4.45178,-75.540953,2863.6,1329.6,1534.0
39533.3,K39+533.30,4.451858,-75.541257,2875.6,1330.0,1545.7
39568.1,K39+568.13,4.451935,-75.541561,2886.3,1330.3,1556.0
39603.0,K39+602.96,4.452012,-75.541866,2895.0,1330.6,1564.4
39637.8,K39+637.79,4.45209,-75.54217,2898.7,1331.0,1567.7
39672.6,K39+672.62,4.452167,-75.542474,2910.2,1331.3,1578.9
39707.5,K39+707.45,4.452244,-75.542778,2922.5,1331.6,1590.9
39742.3,K39+742.28,4.452322,-75.543082,2931.4,1332.0,1599.5
39777.1,K39+777.11,4.452399,-75.543387,2922.6,1332.3,1590.3
39811.9,K39+811.94,4.452476,-75.543691,2922.2,1332.6,1589.6
39846.8,K39+846.78,4.452554,-75.543995,2925.9,1333.0,1593.0
39881.6,K39+881.61,4.452631,-75.544299,2927.1,1333.3,1593.8
39916.4,K39+916.44,4.452708,-75.544604,2929.5,1333.6,1595.9
39951.3,K39+951.27,4.452786,-75.544908,2933.2,1334.0,1599.2
39986.1,K39+986.10,4.452863,-75.545212,2942.2,1334.3,1607.9
40020.9,K40+020.93,4.452941,-75.545516,2954.5,1334.6,1619.8
40055.8,K40+055.76,4.453018,-75.545821,2965.4,1335.0,1630.5
40090.6,K40+090.59,4.453095,-75.546125,2977.2,1335.3,1641.9
40125.4,K40+125.42,4.453173,-75.546429,2993.7,1335.6,1658.0
40160.3,K40+160.26,4.45325,-75.546733,3004.1,1336.0,1668.1
40195.1,K40+195.09,4.453327,-75.547037,3000.8,1336.3,1664.5
40229.9,K40+229.92,4.453405,-75.547342,2995.7,1336.6,1659.1
40264.7,K40+264.75,4.453482,-75.547646,2965.6,1337.0,1628.7
40299.6,K40+299.58,4.453559,-75.54795,2962.6,1337.3,1625.3
40334.4,K40+334.41,4.453637,-75.548254,2957.8,1337.6,1620.2
40369.2,K40+369.24,4.453714,-75.548559,2948.6,1338.0,1610.6
40404.1,K40+404.07,4.453791,-75.548863,2917.3,1338.3,1579.0
40438.9,K40+438.90,4.453869,-75.549167,2892.9,1338.6,1554.2
40473.7,K40+473.74,4.453946,-75.549471,2875.8,1339.0,1536.8
40508.6,K40+508.57,4.454023,-75.549775,2865.4,1339.3,1526.1
40543.4,K40+543.40,4.454101,-75.55008,2852.7,1339.6,1513.0
40578.2,K40+578.23,4.454178,-75.550384,2855.3,1340.0,1515.3
40613.1,K40+613.06,4.454255,-75.550688,2864.4,1340.3,1524.0
40647.9,K40+647.89,4.454333,-75.550992,2889.1,1340.6,1548.4
40682.7,K40+682.72,4.45441,-75.551297,2900.3,1341.0,1559.3
40717.6,K40+717.55,4.454487,-75.551601,2911.8,1341.3,1570.5
40752.4,K40+752.38,4.454565,-75.551905,2926.2,1341.7,1584.5
40787.2,K40+787.22,4.454642,-75.552209,2945.4,1342.0,1603.4
40822.0,K40+822.05,4.454719,-75.552514,2956.2,1342.3,1613.9
40856.9,K40+856.88,4.454797,-75.552818,2971.0,1342.7,1628.4
40891.7,K40+891.71,4.454874,-75.553122,2980.0,1343.0,1637.0
40926.5,K40+926.54,4.454951,-75.553426,2992.0,1343.3,1648.7
40961.4,K40+961.37,4.455028,-75.55373,3009.9,1343.7,1666.2
40996.2,K40+996.20,4.455106,-75.554035,3043.3,1344.0,1699.3
41031.0,K41+031.03,4.455183,-75.554339,3059.3,1344.3,1715.0
41065.9,K41+065.86,4.45526,-75.554643,3075.5,1344.7,1730.8
41100.7,K41+100.70,4.455338,-75.554947,3091.4,1345.0,1746.4
41135.5,K41+135.53,4.455415,-75.555252,3098.5,1345.3,1753.2
41170.4,K41+170.36,4.455492,-75.555556,3087.3,1345.7,1741.7
41205.2,K41+205.19,4.45557,-75.55586,3089.0,1346.0,1743.0
41240.0,K41+240.02,4.455647,-75.556164,3095.9,1346.3,1749.6
41274.9,K41+274.85,4.455724,-75.556469,3087.0,1346.7,1740.3
41309.7,K41+309.68,4.455802,-75.556773,3090.3,1347.0,1743.3
41344.5,K41+344.51,4.455879,-75.557077,3095.0,1347.3,1747.7
41379.3,K41+379.34,4.455956,-75.557381,3112.2,1347.7,1764.6
41414.2,K41+414.18,4.456034,-75.557685,3114.0,1348.0,1766.0
41449.0,K41+449.01,4.456111,-75.55799,3112.2,1348.3,1763.8
41483.8,K41+483.84,4.456188,-75.558294,3108.3,1348.7,1759.7
41518.7,K41+518.67,4.456266,-75.558598,3105.0,1349.0,1756.0
41553.5,K41+553.50,4.456343,-75.558902,3099.7,1349.3,1750.4
41588.3,K41+588.33,4.45642,-75.559207,3104.4,1349.7,1754.7
41623.2,K41+623.16,4.456498,-75.559511,3128.5,1350.0,1778.5
41658.0,K41+657.99,4.456575,-75.559815,3130.2,1350.3,1779.8
41692.8,K41+692.82,4.456652,-75.560119,3149.4,1350.7,1798.8
41727.7,K41+727.65,4.45673,-75.560424,3174.9,1351.0,1823.9
41762.5,K41+762.49,4.456807,-75.560728,3157.3,1351.3,1806.0
41797.3,K41+797.32,4.456884,-75.561032,3150.3,1351.7,1798.6
41832.1,K41+832.15,4.456962,-75.561336,3151.0,1352.0,1799.0
41867.0,K41+866.98,4.457039,-75.56164,3158.1,1352.3,1805.7
41901.8,K41+901.81,4.457116,-75.561945,3135.1,1352.7,1782.5
41936.6,K41+936.64,4.457194,-75.562249,3137.1,1353.0,1784.1
41971.5,K41+971.47,4.457271,-75.562553,3129.9,1353.3,1776.6
42006.3,K42+006.30,4.457348,-75.562857,3122.0,1353.7,1768.3
42041.1,K42+041.13,4.457426,-75.563162,3095.6,1354.0,1741.6
42076.0,K42+075.97,4.457503,-75.563466,3099.5,1354.3,1745.2
42110.8,K42+110.80,4.45758,-75.56377,3128.4,1354.7,1773.7
42145.6,K42+145.63,4.457658,-75.564074,3150.9,1355.0,1795.9
42180.5,K42+180.46,4.457735,-75.564379,3164.5,1355.3,1809.2
42215.3,K42+215.29,4.457812,-75.564683,3176.4,1355.7,1820.7
42250.1,K42+250.12,4.45789,-75.564987,3182.7,1356.0,1826.7
42285.0,K42+284.95,4.457967,-75.565291,3189.2,1356.3,1832.9
42319.8,K42+319.78,4.458044,-75.565595,3201.1,1356.7,1844.4
42354.6,K42+354.61,4.458122,-75.5659,3217.1,1357.0,1860.1
42389.4,K42+389.45,4.458199,-75.566204,3234.6,1357.3,1877.3
42424.3,K42+424.28,4.458276,-75.566508,3247.8,1357.7,1890.1
42459.1,K42+459.11,4.458354,-75.566812,3272.0,1358.0,1914.0
42493.9,K42+493.94,4.458431,-75.567117,3283.0,1358.3,1924.7
42528.8,K42+528.77,4.458508,-75.567421,3300.1,1358.7,1941.4
42563.6,K42+563.60,4.458586,-75.567725,3312.3,1359.0,1953.3
42598.4,K42+598.43,4.458663,-75.568029,3323.1,1359.3,1963.7
42633.3,K42+633.26,4.45874,-75.568334,3330.6,1359.7,1970.9
42668.1,K42+668.09,4.458818,-75.568638,3345.6,1360.0,1985.6
42702.9,K42+702.93,4.458895,-75.568942,3359.7,1360.3,1999.4
42737.8,K42+737.76,4.458972,-75.569246,3371.8,1360.7,2011.1
42772.6,K42+772.59,4.45905,-75.569551,3379.6,1361.0,2018.6
42807.4,K42+807.42,4.459127,-75.569855,3387.5,1361.4,2026.1
42842.3,K42+842.25,4.459204,-75.570159,3393.0,1361.7,2031.4
42877.1,K42+877.08,4.459282,-75.570463,3374.0,1362.0,2012.0
42911.9,K42+911.91,4.459359,-75.570767,3355.3,1362.4,1993.0
42946.7,K42+946.74,4.459436,-75.571072,3339.7,1362.7,1977.1
42981.6,K42+981.57,4.459514,-75.571376,3319.7,1363.0,1956.7
43016.4,K43+016.41,4.459591,-75.57168,3285.3,1363.4,1921.9
43051.2,K43+051.24,4.459668,-75.571984,3256.8,1363.7,1893.1
43086.1,K43+086.07,4.459745,-75.572289,3247.0,1364.0,1882.9
43120.9,K43+120.90,4.459823,-75.572593,3265.5,1364.4,1901.1
43155.7,K43+155.73,4.4599,-75.572897,3279.8,1364.7,1915.1
43190.6,K43+190.56,4.459977,-75.573201,3316.1,1365.0,1951.1
43225.4,K43+225.39,4.460055,-75.573506,3323.6,1365.4,1958.2
43260.2,K43+260.22,4.460132,-75.57381,3317.2,1365.7,1951.5
43295.1,K43+295.05,4.460209,-75.574114,3289.5,1366.0,1923.5
43329.9,K43+329.89,4.460287,-75.574418,3284.4,1366.4,1918.0
43364.7,K43+364.72,4.460364,-75.574722,3290.2,1366.7,1923.5
43399.5,K43+399.55,4.460441,-75.575027,3278.9,1367.0,1911.8
43434.4,K43+434.38,4.460519,-75.575331,3278.7,1367.4,1911.3
43469.2,K43+469.21,4.460596,-75.575635,3275.5,1367.7,1907.8
43504.0,K43+504.04,4.460673,-75.575939,3271.6,1368.0,1903.6
43538.9,K43+538.87,4.460751,-75.576244,3248.3,1368.4,1879.9
43573.7,K43+573.70,4.460828,-75.576548,3249.4,1368.7,1880.8
43608.5,K43+608.53,4.460905,-75.576852,3255.8,1369.0,1886.8
43643.4,K43+643.37,4.460983,-75.577156,3239.0,1369.4,1869.6
43678.2,K43+678.20,4.46106,-75.577461,3222.5,1369.7,1852.8
43713.0,K43+713.03,4.461137,-75.577765,3210.2,1370.0,1840.1
43747.9,K43+747.86,4.461215,-75.578069,3210.8,1370.4,1840.4
43782.7,K43+782.69,4.461292,-75.578373,3188.7,1370.7,1818.0
43817.5,K43+817.52,4.461369,-75.578678,3173.6,1371.0,1802.6
43852.4,K43+852.35,4.461447,-75.578982,3171.7,1371.4,1800.4
43887.2,K43+887.18,4.461524,-75.579286,3186.3,1371.7,1814.6
43922.0,K43+922.01,4.461601,-75.57959,3174.4,1372.0,1802.3
43956.8,K43+956.85,4.461679,-75.579894,3169.6,1372.4,1797.2
43991.7,K43+991.68,4.461756,-75.580199,3176.8,1372.7,1804.1
44026.5,K44+026.51,4.461833,-75.580503,3169.8,1373.0,1796.7
44061.3,K44+061.34,4.461911,-75.580807,3187.1,1373.4,1813.7
44096.2,K44+096.17,4.461988,-75.581111,3204.0,1373.7,1830.3
44131.0,K44+131.00,4.462065,-75.581416,3220.0,1374.0,1845.9
44165.8,K44+165.83,4.462142,-75.58172,3215.9,1374.4,1841.6
44200.7,K44+200.66,4.46222,-75.582024,3227.6,1374.7,1852.9
44235.5,K44+235.49,4.462297,-75.582328,3235.9,1375.0,1860.9
44270.3,K44+270.33,4.462374,-75.582633,3229.8,1375.4,1854.5
44305.2,K44+305.16,4.462452,-75.582937,3226.4,1375.7,1850.7
44340.0,K44+339.99,4.462529,-75.583241,3207.5,1376.0,1831.5
44374.8,K44+374.82,4.462606,-75.583545,3179.8,1376.4,1803.4
44409.6,K44+409.65,4.462684,-75.58385,3175.4,1376.7,1798.7
44444.5,K44+444.48,4.462761,-75.584154,3157.8,1377.0,1780.8
44479.3,K44+479.31,4.462838,-75.584458,3133.6,1377.4,1756.3
44514.1,K44+514.14,4.462916,-75.584762,3110.1,1377.7,1732.4
44549.0,K44+548.97,4.462993,-75.585066,3090.5,1378.0,1712.5
44583.8,K44+583.80,4.46307,-75.585371,3069.1,1378.4,1690.7
44618.6,K44+618.64,4.463148,-75.585675,3042.5,1378.7,1663.8
44653.5,K44+653.47,4.463225,-75.585979,3015.6,1379.0,1636.5
44688.3,K44+688.30,4.463302,-75.586283,2985.4,1379.4,1606.0
44723.1,K44+723.13,4.46338,-75.586588,2953.6,1379.7,1573.9
44758.0,K44+757.96,4.463457,-75.586892,2931.8,1380.0,1551.8
44792.8,K44+792.79,4.463534,-75.587196,2927.9,1380.4,1547.6
44827.6,K44+827.62,4.463612,-75.5875,2907.2,1380.7,1526.5
44862.5,K44+862.45,4.463689,-75.587805,2898.9,1381.0,1517.8
44897.3,K44+897.28,4.463766,-75.588109,2866.1,1381.4,1484.7
44932.1,K44+932.12,4.463843,-75.588413,2841.1,1381.7,1459.3
44966.9,K44+966.95,4.463921,-75.588717,2813.0,1382.1,1430.9
45001.8,K45+001.78,4.463998,-75.589022,2778.2,1382.4,1395.8
45036.6,K45+036.61,4.464075,-75.589326,2715.4,1382.7,1332.7
45071.4,K45+071.44,4.464153,-75.58963,2700.5,1383.1,1317.5
45106.3,K45+106.27,4.46423,-75.589934,2680.2,1383.4,1296.8
45141.1,K45+141.10,4.464307,-75.590239,2649.9,1383.7,1266.2
45175.9,K45+175.93,4.464385,-75.590543,2635.5,1384.1,1251.4
45210.8,K45+210.76,4.464462,-75.590847,2626.3,1384.4,1241.9
45245.6,K45+245.60,4.464539,-75.591151,2623.7,1384.7,1238.9
45280.4,K45+280.43,4.464617,-75.591455,2596.1,1385.1,1211.0
45315.3,K45+315.26,4.464694,-75.59176,2578.4,1385.4,1193.0
45350.1,K45+350.09,4.464771,-75.592064,2565.3,1385.7,1179.5
45384.9,K45+384.92,4.464849,-75.592368,2550.4,1386.1,1164.4
45419.8,K45+419.75,4.464926,-75.592672,2541.2,1386.4,1154.8
45454.6,K45+454.58,4.465003,-75.592977,2537.0,1386.7,1150.2
45489.4,K45+489.41,4.465081,-75.593281,2528.8,1387.1,1141.7
45524.2,K45+524.24,4.465158,-75.593585,2538.9,1387.4,1151.5
45559.1,K45+559.08,4.465235,-75.593889,2525.6,1387.7,1137.8
45593.9,K45+593.91,4.465312,-75.594194,2521.4,1388.1,1133.4
45628.7,K45+628.74,4.46539,-75.594498,2513.2,1388.4,1124.8
45663.6,K45+663.57,4.465467,-75.594802,2514.7,1388.7,1125.9
45698.4,K45+698.40,4.465544,-75.595106,2507.0,1389.1,1117.9
45733.2,K45+733.23,4.465622,-75.595411,2504.9,1389.4,1115.5
45768.1,K45+768.06,4.465699,-75.595715,2525.7,1389.7,1136.0
45802.9,K45+802.89,4.465776,-75.596019,2524.9,1390.1,1134.8
45837.7,K45+837.72,4.465854,-75.596323,2520.8,1390.4,1130.4
45872.6,K45+872.56,4.465931,-75.596628,2507.0,1390.7,1116.3
45907.4,K45+907.39,4.466008,-75.596932,2490.1,1391.1,1099.0
45942.2,K45+942.22,4.466086,-75.597236,2478.2,1391.4,1086.8
45977.0,K45+977.05,4.466163,-75.59754,2463.8,1391.7,1072.1
46011.9,K46+011.88,4.46624,-75.597844,2450.4,1392.1,1058.3
46046.7,K46+046.71,4.466318,-75.598149,2447.8,1392.4,1055.4
46081.5,K46+081.54,4.466395,-75.598453,2443.7,1392.7,1050.9
46116.4,K46+116.37,4.466472,-75.598757,2421.2,1393.1,1028.2
46151.2,K46+151.20,4.466549,-75.599061,2416.7,1393.4,1023.3
46186.0,K46+186.04,4.466627,-75.599366,2405.7,1393.7,1012.0
46220.9,K46+220.87,4.466704,-75.59967,2395.7,1394.1,1001.6
46255.7,K46+255.70,4.466781,-75.599974,2375.3,1394.4,980.9
46290.5,K46+290.53,4.466859,-75.600278,2378.7,1394.7,984.0
46325.4,K46+325.36,4.466936,-75.600583,2369.2,1395.1,974.2
46360.2,K46+360.19,4.467013,-75.600887,2370.2,1395.4,974.8
46395.0,K46+395.02,4.467091,-75.601191,2373.6,1395.7,977.8
46429.9,K46+429.85,4.467168,-75.601495,2357.5,1396.1,961.4
46464.7,K46+464.68,4.467245,-75.6018,2339.4,1396.4,943.0
46499.5,K46+499.52,4.467323,-75.602104,2307.4,1396.7,910.7
46534.3,K46+534.35,4.4674,-75.602408,2302.2,1397.1,905.1
46569.2,K46+569.18,4.467477,-75.602712,2285.6,1397.4,888.2
46604.0,K46+604.01,4.467555,-75.603017,2265.9,1397.7,868.2
46638.8,K46+638.84,4.467632,-75.603321,2240.6,1398.1,842.5
46673.7,K46+673.67,4.467709,-75.603625,2233.0,1398.4,834.6
46708.5,K46+708.50,4.467786,-75.603929,2219.7,1398.7,820.9
46743.3,K46+743.33,4.467864,-75.604233,2209.4,1399.1,810.3
46778.2,K46+778.16,4.467941,-75.604538,2214.0,1399.4,814.6
46813.0,K46+813.00,4.468018,-75.604842,2203.0,1399.7,803.3
46847.8,K46+847.83,4.468096,-75.605146,2196.0,1400.1,795.9
46882.7,K46+882.66,4.468173,-75.60545,2197.3,1400.4,796.9
46917.5,K46+917.49,4.46825,-75.605755,2182.7,1400.7,781.9
46952.3,K46+952.32,4.468328,-75.606059,2178.6,1401.1,777.5
46987.2,K46+987.15,4.468405,-75.606363,2176.4,1401.4,775.0
47022.0,K47+021.98,4.468482,-75.606667,2175.2,1401.8,773.4
47056.8,K47+056.81,4.46856,-75.606972,2182.5,1402.1,780.5
47091.6,K47+091.64,4.468637,-75.607276,2184.5,1402.4,782.0
47126.5,K47+126.48,4.468714,-75.60758,2172.8,1402.8,770.0
47161.3,K47+161.31,4.468792,-75.607884,2175.6,1403.1,772.5
47196.1,K47+196.14,4.468869,-75.608189,2160.2,1403.4,756.8
47231.0,K47+230.97,4.468946,-75.608493,2126.1,1403.8,722.3
47265.8,K47+265.80,4.469023,-75.608797,2121.2,1404.1,717.1
47300.6,K47+300.63,4.469101,-75.609101,2129.2,1404.4,724.8
47335.5,K47+335.46,4.469178,-75.609406,2147.6,1404.8,742.8
47370.3,K47+370.29,4.469255,-75.60971,2156.1,1405.1,751.0
47405.1,K47+405.12,4.469333,-75.610014,2138.7,1405.4,733.3
47440.0,K47+439.95,4.46941,-75.610318,2137.3,1405.8,731.5
47474.8,K47+474.79,4.469487,-75.610623,2140.9,1406.1,734.8
47509.6,K47+509.62,4.469565,-75.610927,2146.3,1406.4,739.9
47544.4,K47+544.45,4.469642,-75.611231,2171.9,1406.8,765.1
47579.3,K47+579.28,4.469719,-75.611535,2199.8,1407.1,792.7
47614.1,K47+614.11,4.469797,-75.61184,2209.0,1407.4,801.6
47648.9,K47+648.94,4.469874,-75.612144,2229.3,1407.8,821.6
47683.8,K47+683.77,4.469951,-75.612448,2243.9,1408.1,835.8
47718.6,K47+718.60,4.470028,-75.612752,2254.9,1408.4,846.5
47753.4,K47+753.43,4.470106,-75.613056,2260.4,1408.8,851.7
47788.3,K47+788.27,4.470183,-75.613361,2232.4,1409.1,823.3
47823.1,K47+823.10,4.47026,-75.613665,2215.3,1409.4,805.9
47857.9,K47+857.93,4.470338,-75.613969,2207.0,1409.8,797.3
47892.8,K47+892.76,4.470415,-75.614273,2201.2,1410.1,791.1
47927.6,K47+927.59,4.470492,-75.614578,2175.1,1410.4,764.6
47962.4,K47+962.42,4.47057,-75.614882,2183.9,1410.8,773.1
47997.3,K47+997.25,4.470647,-75.615186,2199.8,1411.1,788.7
48032.1,K48+032.08,4.470724,-75.61549,2209.3,1411.4,797.8
48066.9,K48+066.91,4.470802,-75.615795,2227.5,1411.8,815.8
48101.7,K48+101.75,4.470879,-75.616099,2246.3,1412.1,834.2
48136.6,K48+136.58,4.470956,-75.616403,2264.3,1412.4,851.9
48171.4,K48+171.41,4.471033,-75.616707,2282.5,1412.8,869.7
48206.2,K48+206.24,4.471111,-75.617012,2298.3,1413.1,885.2
48241.1,K48+241.07,4.471188,-75.617316,2319.0,1413.4,905.5
48275.9,K48+275.90,4.471265,-75.61762,2329.0,1413.8,915.3
48310.7,K48+310.73,4.471343,-75.617924,2306.1,1414.1,892.0
48345.6,K48+345.56,4.47142,-75.618229,2289.7,1414.4,875.2
48380.4,K48+380.39,4.471497,-75.618533,2276.9,1414.8,862.1
48415.2,K48+415.23,4.471575,-75.618837,2258.2,1415.1,843.1
48450.1,K48+450.06,4.471652,-75.619141,2264.0,1415.4,848.5
48484.9,K48+484.89,4.471729,-75.619446,2275.8,1415.8,860.0
48519.7,K48+519.72,4.471806,-75.61975,2281.1,1416.1,865.0
48554.6,K48+554.55,4.471884,-75.620054,2302.4,1416.4,885.9
48589.4,K48+589.38,4.471961,-75.620358,2321.9,1416.8,905.2
48624.2,K48+624.21,4.472038,-75.620663,2342.6,1417.1,925.5
48659.0,K48+659.04,4.472116,-75.620967,2357.0,1417.4,939.6
48693.9,K48+693.87,4.472193,-75.621271,2384.3,1417.8,966.5
48728.7,K48+728.71,4.47227,-75.621575,2396.3,1418.1,978.1
48763.5,K48+763.54,4.472348,-75.62188,2406.9,1418.4,988.5
48798.4,K48+798.37,4.472425,-75.622184,2421.9,1418.8,1003.1
48833.2,K48+833.20,4.472502,-75.622488,2425.8,1419.1,1006.7
48868.0,K48+868.03,4.47258,-75.622792,2434.0,1419.4,1014.5
48902.9,K48+902.86,4.472657,-75.623097,2447.2,1419.8,1027.4
48937.7,K48+937.69,4.472734,-75.623401,2456.8,1420.1,1036.7
48972.5,K48+972.52,4.472811,-75.623705,2468.2,1420.4,1047.7
49007.4,K49+007.35,4.472889,-75.624009,2469.3,1420.8,1048.5
49042.2,K49+042.19,4.472966,-75.624313,2465.4,1421.1,1044.2
49077.0,K49+077.02,4.473043,-75.624618,2465.8,1421.5,1044.3
49111.8,K49+111.85,4.473121,-75.624922,2470.9,1421.8,1049.1
49146.7,K49+146.68,4.473198,-75.625226,2480.7,1422.1,1058.5
49181.5,K49+181.51,4.473275,-75.62553,2474.5,1422.5,1052.1
49216.3,K49+216.34,4.473353,-75.625835,2477.7,1422.8,1054.9
49251.2,K49+251.17,4.47343,-75.626139,2476.8,1423.1,1053.6
49286.0,K49+286.00,4.473507,-75.626443,2453.4,1423.5,1029.9
49320.8,K49+320.83,4.473584,-75.626747,2431.1,1423.8,1007.3
49355.7,K49+355.67,4.473662,-75.627052,2408.5,1424.1,984.4
49390.5,K49+390.50,4.473739,-75.627356,2391.9,1424.5,967.4
49425.3,K49+425.33,4.473816,-75.62766,2368.1,1424.8,943.3
49460.2,K49+460.16,4.473894,-75.627964,2345.3,1425.1,920.2
49495.0,K49+494.99,4.473971,-75.628269,2307.4,1425.5,881.9
49529.8,K49+529.82,4.474048,-75.628573,2276.5,1425.8,850.7
49564.7,K49+564.65,4.474126,-75.628877,2249.7,1426.1,823.6
49599.5,K49+599.48,4.474203,-75.629181,2235.7,1426.5,809.2
49634.3,K49+634.31,4.47428,-75.629486,2223.6,1426.8,796.8
49669.1,K49+669.15,4.474357,-75.62979,2209.7,1427.1,782.6
49704.0,K49+703.98,4.474435,-75.630094,2197.9,1427.5,770.5
49738.8,K49+738.81,4.474512,-75.630398,2185.2,1427.8,757.4
49773.6,K49+773.64,4.474589,-75.630703,2152.9,1428.1,724.8
49808.5,K49+808.47,4.474667,-75.631007,2135.8,1428.5,707.3
49843.3,K49+843.30,4.474744,-75.631311,2119.5,1428.8,690.7
49878.1,K49+878.13,4.474821,-75.631615,2101.3,1429.1,672.2
49913.0,K49+912.96,4.474899,-75.63192,2085.4,1429.5,656.0
49947.8,K49+947.79,4.474976,-75.632224,2069.2,1429.8,639.4
49982.6,K49+982.63,4.475053,-75.632528,2054.9,1430.1,624.8
50017.5,K50+017.46,4.47513,-75.632832,2039.8,1430.5,609.4
50052.3,K50+052.29,4.475208,-75.633137,2021.9,1430.8,591.1
50087.1,K50+087.12,4.475285,-75.633441,2008.3,1431.1,577.1
50121.9,K50+121.95,4.475362,-75.633745,1987.3,1431.5,555.9
50156.8,K50+156.78,4.47544,-75.634049,1949.0,1431.8,517.2
50191.6,K50+191.61,4.475517,-75.634354,1934.3,1432.1,502.2
50226.4,K50+226.44,4.475594,-75.634658,1923.7,1432.5,491.2
50261.3,K50+261.27,4.475672,-75.634962,1916.6,1432.8,483.8
50296.1,K50+296.10,4.475749,-75.635266,1907.0,1433.1,473.8
50330.9,K50+330.94,4.475826,-75.635571,1896.4,1433.5,462.9
50365.8,K50+365.77,4.475903,-75.635875,1885.4,1433.8,451.6
50400.6,K50+400.60,4.475981,-75.636179,1875.4,1434.1,441.3
50435.4,K50+435.43,4.476058,-75.636483,1864.9,1434.5,430.5
50470.3,K50+470.26,4.476135,-75.636788,1855.6,1434.8,420.8
50505.1,K50+505.09,4.476213,-75.637092,1843.0,1435.1,407.9
50539.9,K50+539.92,4.47629,-75.637396,1838.0,1435.5,402.6
50574.8,K50+574.75,4.476367,-75.6377,1824.3,1435.8,388.5
50609.6,K50+609.58,4.476444,-75.638005,1814.1,1436.1,377.9
50644.4,K50+644.42,4.476522,-75.638309,1806.6,1436.5,370.1
50679.2,K50+679.25,4.476599,-75.638613,1786.4,1436.8,349.6
50714.1,K50+714.08,4.476676,-75.638917,1769.7,1437.1,332.5
50748.9,K50+748.91,4.476754,-75.639222,1760.1,1437.5,322.6
50783.7,K50+783.74,4.476831,-75.639526,1751.0,1437.8,313.2
50818.6,K50+818.57,4.476908,-75.63983,1745.3,1438.1,307.1
50853.4,K50+853.40,4.476986,-75.640134,1743.9,1438.5,305.4
50888.2,K50+888.23,4.477063,-75.640439,1732.6,1438.8,293.8
50923.1,K50+923.06,4.47714,-75.640743,1714.6,1439.1,275.4
50957.9,K50+957.90,4.477217,-75.641047,1707.4,1439.5,268.0
50992.7,K50+992.73,4.477295,-75.641351,1705.7,1439.8,265.9
51027.6,K51+027.56,4.477372,-75.641656,1694.5,1440.1,254.3
51062.4,K51+062.39,4.477449,-75.64196,1699.1,1440.5,258.6
51097.2,K51+097.22,4.477527,-75.642264,1697.9,1440.8,257.1
51132.1,K51+132.05,4.477604,-75.642568,1683.5,1441.1,242.4
51166.9,K51+166.88,4.477681,-75.642873,1664.8,1441.5,223.4
51201.7,K51+201.71,4.477759,-75.643177,1655.3,1441.8,213.4
51236.5,K51+236.54,4.477836,-75.643481,1641.5,1442.2,199.3
51271.4,K51+271.38,4.477913,-75.643785,1632.3,1442.5,189.8
51306.2,K51+306.21,4.47799,-75.64409,1629.5,1442.8,186.7
51341.0,K51+341.04,4.478068,-75.644394,1619.3,1443.2,176.1
51375.9,K51+375.87,4.478145,-75.644698,1609.0,1443.5,165.5
51410.7,K51+410.70,4.478222,-75.645002,1602.1,1443.8,158.3
51445.5,K51+445.53,4.4783,-75.645307,1597.7,1444.2,153.5
51480.4,K51+480.36,4.478377,-75.645611,1591.5,1444.5,147.0
51515.2,K51+515.19,4.478454,-75.645915,1585.1,1444.8,140.3
51550.0,K51+550.02,4.478531,-75.646219,1570.5,1445.2,125.4
51584.9,K51+584.86,4.478609,-75.646524,1567.6,1445.5,122.1
51619.7,K51+619.69,4.478686,-75.646828,1571.9,1445.8,126.1
51654.5,K51+654.52,4.478763,-75.647132,1557.0,1446.2,110.8
51689.3,K51+689.35,4.478841,-75.647436,1548.4,1446.5,101.9
51724.2,K51+724.18,4.478918,-75.647741,1547.4,1446.8,100.5
51759.0,K51+759.01,4.478995,-75.648045,1547.1,1447.2,99.9
51793.8,K51+793.84,4.479073,-75.648349,1524.1,1447.5,76.6
51828.7,K51+828.67,4.47915,-75.648653,1514.4,1447.8,66.5
51863.5,K51+863.50,4.479227,-75.648958,1506.3,1448.2,58.2
51898.3,K51+898.34,4.479304,-75.649262,1501.2,1448.5,52.7
51933.2,K51+933.17,4.479382,-75.649566,1496.7,1448.8,47.9
51968.0,K51+968.00,4.479459,-75.64987,1473.7,1449.2,24.5
52002.8,K52+002.83,4.479536,-75.650174,1468.7,1449.5,19.2
52037.7,K52+037.66,4.479614,-75.650479,1461.7,1449.8,11.9
52072.5,K52+072.49,4.479691,-75.650783,1461.1,1450.2,11.0
52107.3,K52+107.32,4.479768,-75.651087,1458.9,1450.5,8.4
52142.2,K52+142.15,4.479845,-75.651391,1457.7,1450.8,6.8
52177.0,K52+176.98,4.479923,-75.651696,1454.1,1451.2,2.9
52211.8,K52+211.82,4.48,-75.652,1451.5,1451.5,-0.0
